A00836,N
A02051,A
A08059,O
A03018,N
A03808,O
A01172,N
A00169,N
A05563,N
A06004,O
A00752,N
A05362,O
A07833,O
A04904,O
A05758,O
A01312,N
A06957,N
A01700,N
A00464,N
A01815,N
A06019,N
A02696,O
A00962,O
A00381,N
A01091,O
A07150,O
A08337,N
A00820,O
A06492,N
A00458,N
A08107,N
A01523,N
A07190,N
A03572,N
A05659,O
A00059,N
A01458,O
A06026,N
A07209,N
A07325,N
A03478,N
A01503,~
A03177,O
A04208,N
A05193,N
A04660,N
A04301,N
A07600,A
A05326,N
A02992,N
A02076,N
A01103,O
A07915,O
A05072,O
A03374,O
A07396,N
A05808,N
A02243,N
A04072,N
A04396,N
A03517,O
A08449,N
A07240,N
A05014,A
A06238,O
A03666,N
A03385,N
A01979,N
A04082,O
A05681,N
A03209,N
A01685,A
A06298,O
A08429,N
A04143,N
A02021,N
A00778,N
A05704,N
A06460,O
A00956,O
A06028,N
A06654,N
A08475,N
A07459,N
A03551,O
A06881,O
A01902,O
A03876,N
A06078,O
A04518,N
A07208,O
A00119,O
A04012,N
A06718,N
A04806,N
A04637,N
A05239,A
A01051,N
A02995,O
A06848,N
A03222,N
A06060,O
A01839,O
A06354,N
A00543,N
A02759,O
A01135,N
A06621,N
A00019,N
A03781,O
A06192,N
A02628,N
A03613,N
A00427,O
A03615,O
A07075,N
A06920,O
A04098,O
A02293,N
A01181,N
A05144,O
A08104,O
A03993,N
A00262,N
A01972,N
A06947,N
A02001,N
A00912,N
A00761,~
A08426,N
A05356,O
A03653,O
A00846,N
A06104,N
A01881,N
A06121,O
A02023,N
A01996,N
A06419,N
A08448,N
A04079,N
A06314,N
A01945,N
A01417,N
A02086,N
A02981,N
A01167,O
A08109,N
A02779,N
A02965,A
A05829,O
A02116,N
A00227,N
A00588,N
A06416,O
A06512,~
A07675,N
A03561,N
A01000,N
A01124,O
A01526,O
A05644,O
A05259,N
A01790,O
A03089,O
A00546,N
A05482,N
A04174,O
A04331,O
A05323,N
A04403,N
A04802,N
A00266,N
A07310,N
A05389,N
A00878,O
A04326,N
A05186,N
A02806,O
A07293,A
A00729,N
A07863,N
A08362,N
A01324,A
A01475,O
A01418,O
A02694,A
A00606,N
A00313,N
A07226,O
A05968,N
A01552,O
A06695,A
A04720,O
A04306,N
A01035,N
A05533,N
A00352,N
A04805,~
A03119,N
A07920,O
A07948,N
A07138,~
A07703,O
A00180,N
A01346,N
A05020,O
A00456,A
A06683,O
A02951,N
A03044,O
A04451,O
A07858,N
A03756,O
A06919,O
A01241,O
A01207,N
A04458,O
A03269,~
A07763,N
A05859,N
A04186,~
A07393,N
A05273,N
A07057,N
A02427,N
A03438,N
A02715,N
A01591,O
A03867,N
A06533,O
A03127,O
A04394,N
A05754,N
A08322,N
A08011,N
A06982,~
A07929,N
A06135,O
A02120,N
A07704,N
A08324,N
A07692,N
A06978,N
A07918,N
A02184,N
A06629,O
A01408,N
A03443,~
A07107,N
A07330,N
A01745,N
A00837,A
A03076,O
A01529,~
A00083,O
A07540,O
A08328,A
A03839,N
A05838,O
A00089,N
A04214,O
A03293,O
A06264,N
A01668,O
A08026,N
A05401,O
A02347,N
A01319,N
A04604,A
A02259,O
A06814,N
A02507,N
A00860,A
A07140,N
A05138,A
A07684,N
A05076,~
A06024,N
A06928,N
A04347,N
A07427,N
A00282,A
A03958,N
A00800,N
A01235,O
A01439,N
A03728,N
A04385,N
A05581,N
A02426,A
A01199,N
A08212,N
A01480,N
A00272,N
A01782,N
A00153,N
A01780,N
A01045,A
A06680,O
A00725,A
A03176,N
A00321,A
A02456,A
A02298,N
A02272,N
A03390,N
A02939,N
A00332,N
A07391,N
A01189,N
A08300,N
A07481,O
A07084,O
A04176,O
A00550,N
A00569,N
A04308,O
A03571,O
A01419,O
A01809,O
A02277,N
A03349,N
A04434,N
A07022,N
A06315,N
A05543,N
A00900,N
A05892,N
A01729,N
A07394,N
A03720,N
A03182,O
A07546,N
A02751,O
A00906,O
A06102,N
A04284,O
A01937,O
A07883,O
A04937,N
A03843,N
A05785,N
A00041,O
A02108,N
A07722,A
A08252,N
A04362,O
A05443,O
A01875,N
A04251,~
A06197,N
A04014,O
A07680,N
A03994,O
A04401,N
A02496,N
A01358,N
A03656,N
A04711,N
A05811,N
A01446,N
A04595,N
A08148,O
A05842,O
A01654,O
A00867,A
A08374,N
A01769,N
A08276,O
A03941,N
A05778,O
A06022,N
A06794,O
A06363,N
A06851,O
A00532,N
A02473,N
A02746,N
A07455,N
A07881,O
A00647,N
A07658,O
A00415,N
A05802,N
A06180,~
A03303,N
A00217,A
A07090,N
A00921,N
A03203,N
A03605,A
A03559,N
A03075,N
A02648,N
A07864,N
A05803,N
A04025,A
A04790,N
A03110,O
A02792,O
A02691,N
A06768,N
A06552,N
A08034,N
A05140,A
A04617,N
A07647,N
A03529,N
A04772,N
A01652,N
A02016,N
A01702,N
A01343,O
A07760,O
A01892,A
A04573,A
A02129,O
A08502,N
A03422,O
A06128,N
A03029,N
A02837,N
A04183,N
A08180,N
A05529,N
A04117,A
A03798,O
A01990,N
A08194,O
A08152,N
A06950,N
A02410,O
A01154,O
A03150,N
A02250,N
A04988,N
A05260,N
A00815,N
A03687,O
A04324,O
A00916,O
A02166,N
A06045,N
A07245,O
A04707,~
A08424,N
A02143,N
A01933,N
A03217,N
A04954,N
A06226,O
A07260,N
A03140,N
A00305,N
A04691,N
A01215,N
A06803,N
A04405,N
A03452,N
A02387,O
A02227,N
A05598,O
A04944,O
A04429,O
A01145,O
A04750,O
A04315,O
A02306,N
A04849,N
A02036,O
A07034,N
A02606,N
A04075,N
A05128,N
A02805,A
A04737,O
A01450,A
A01637,N
A03718,N
A01800,N
A00168,N
A00207,N
A08443,N
A06074,N
A00813,~
A01131,O
A08297,N
A05001,N
A08226,N
A01776,A
A07736,~
A02548,N
A06193,O
A04505,O
A03225,O
A01155,N
A01802,N
A04546,N
A04093,N
A08055,N
A08103,N
A02600,N
A04157,N
A04263,N
A07478,N
A04253,N
A07195,O
A06772,O
A02280,O
A03487,N
A05256,O
A05711,N
A05827,N
A05477,N
A00187,O
A07579,N
A06715,O
A05957,N
A01762,N
A01464,N
A05555,N
A03836,A
A03056,N
A02577,O
A03498,A
A03711,N
A02464,N
A04490,N
A04795,N
A05172,A
A06373,A
A06130,N
A04409,N
A02407,N
A06717,O
A00189,O
A06252,N
A06183,N
A07262,N
A02117,O
A00374,N
A05275,N
A07669,N
A00366,N
A00605,O
A05485,O
A07021,N
A04283,N
A02332,N
A08290,A
A08458,O
A08042,O
A08087,O
A03116,O
A06032,N
A05528,O
A00127,N
A00151,N
A04830,O
A00649,O
A03197,N
A03294,O
A04763,O
A07441,O
A00325,O
A05773,N
A01245,O
A01837,N
A00421,N
A04816,A
A00883,N
A02282,N
A01724,N
A02284,O
A02710,N
A06070,N
A05322,N
A08325,N
A03019,N
A04322,O
A06669,N
A06828,N
A01709,O
A02921,N
A06166,N
A02579,N
A03010,O
A02864,N
A03741,N
A01516,O
A05159,N
A01622,O
A08498,O
A05017,O
A06692,O
A08305,A
A06704,O
A00678,N
A07088,N
A08345,N
A07627,O
A02808,N
A07472,N
A02572,N
A03719,~
A01158,O
A04141,N
A04395,N
A03316,O
A00410,N
A02879,A
A06887,O
A01687,N
A00230,N
A00944,O
A02150,A
A03729,N
A01825,O
A05655,O
A01983,O
A03080,A
A04136,O
A05564,A
A04878,N
A01531,O
A04678,O
A03118,~
A05994,O
A00191,N
A00338,N
A01930,A
A02890,N
A07594,N
A07957,A
A06404,A
A03972,N
A08411,N
A07020,N
A00688,O
A06766,A
A05217,O
A04716,N
A03195,O
A07193,N
A02398,N
A04979,N
A00499,N
A03897,N
A07646,N
A02976,O
A00021,N
A02766,N
A02823,N
A06427,N
A03469,A
A05261,N
A01873,O
A05567,N
A03527,A
A01053,N
A03196,N
A05938,N
A04334,N
A06012,O
A03237,N
A02983,O
A07445,O
A00740,O
A03055,A
A04880,N
A06268,O
A00572,O
A03212,A
A05263,N
A07214,O
A05855,N
A02941,N
A00431,O
A01808,N
A07830,O
A05931,A
A01150,N
A04374,O
A08057,N
A07764,N
A01179,N
A06337,N
A05523,O
A08010,O
A03764,N
A07622,N
A02641,N
A05003,N
A03133,N
A04580,N
A00757,N
A07782,N
A00581,N
A05818,O
A06732,N
A04445,N
A03830,O
A01900,N
A04228,O
A01415,N
A03032,N
A01299,~
A03068,N
A06369,O
A00383,N
A02253,O
A05432,N
A01578,~
A02121,O
A07351,N
A06013,O
A06674,N
A08431,O
A04258,O
A00065,O
A01239,N
A00085,N
A06744,N
A03257,N
A01304,O
A06275,N
A07323,N
A03094,N
A02011,O
A03187,A
A07366,A
A07765,A
A00622,N
A05940,N
A00329,O
A03495,N
A05586,O
A07417,O
A02661,N
A02966,N
A03602,N
A07992,O
A01234,N
A02626,A
A03337,N
A06895,N
A06746,N
A04641,O
A02195,N
A06612,N
A05137,N
A00706,A
A00184,N
A05127,N
A05751,N
A03895,N
A00668,N
A00666,A
A02906,A
A00905,N
A04776,N
A04928,N
A02749,N
A08228,N
A00299,N
A02151,N
A04530,N
A04443,O
A05970,O
A01349,N
A06893,N
A00320,N
A06684,N
A05419,O
A00378,N
A06703,N
A05584,N
A04577,N
A02288,N
A04951,O
A05248,N
A04696,N
A05625,N
A03693,N
A03233,O
A01411,N
A08312,O
A00047,O
A01056,N
A03082,O
A06044,N
A08253,O
A02325,A
A06160,O
A01016,N
A08251,O
A06454,O
A07964,N
A00053,N
A06568,N
A01764,O
A06443,N
A01463,N
A04634,N
A05000,N
A04377,N
A05125,O
A06572,N
A01564,O
A01718,A
A03077,N
A07601,N
A04239,N
A05530,N
A02090,O
A02351,N
A07321,O
A08232,O
A02649,A
A05378,N
A06388,O
A02312,N
A04022,N
A07750,N
A06245,A
A05699,N
A08237,N
A01634,O
A05638,O
A07503,N
A00919,O
A01010,N
A04984,N
A03328,N
A08392,A
A04184,O
A04545,O
A04293,O
A03190,N
A07811,N
A03252,N
A05225,N
A03506,O
A02113,~
A03923,N
A03468,A
A05089,~
A02969,N
A05951,N
A02704,O
A04568,O
A02987,N
A06548,O
A07995,N
A05007,N
A03444,N
A05634,N
A03947,O
A08241,O
A04502,N
A07879,O
A07406,N
A04001,O
A02636,O
A07045,A
A02791,O
A07589,N
A08377,~
A02705,O
A03464,O
A05902,O
A00824,N
A01515,O
A07678,O
A02160,N
A05371,N
A01005,A
A00938,N
A03995,N
A00482,O
A03327,N
A08408,A
A05472,N
A04871,N
A06582,N
A06563,N
A07404,N
A01916,O
A03784,N
A03266,O
A06398,N
A00703,N
A02084,O
A08512,N
A00586,N
A05308,O
A06321,A
A01269,N
A07077,N
A04185,O
A06386,O
A06025,N
A06983,N
A02726,N
A02061,N
A08470,O
A00165,N
A07708,O
A06644,N
A08459,N
A00665,N
A03314,N
A05211,O
A02204,N
A04042,N
A08016,N
A02297,N
A00210,N
A06815,N
A07531,O
A04920,N
A05496,N
A04963,N
A06251,A
A04829,O
A01791,N
A01758,N
A04480,N
A07053,N
A00493,A
A06739,N
A01075,A
A05852,N
A08165,N
A02470,N
A03785,N
A07797,O
A03321,N
A06043,O
A03399,O
A04450,N
A05022,N
A01871,N
A07698,N
A03406,O
A01781,N
A05626,O
A08202,N
A02622,N
A07706,N
A02349,O
A02087,N
A07171,O
A07242,N
A06478,N
A01077,N
A05368,N
A02701,O
A05601,N
A00078,O
A01929,O
A00984,~
A01378,N
A05346,N
A00937,N
A01365,O
A04271,O
A03577,O
A04869,O
A05112,N
A00936,N
A01525,O
A02119,A
A08425,O
A03455,N
A05949,N
A03699,N
A08137,N
A05925,O
A04181,N
A06708,N
A03486,O
A02075,N
A07340,N
A05231,N
A00214,N
A01322,O
A01109,N
A02558,N
A00215,O
A01893,O
A05556,O
A07913,O
A07766,A
A03006,O
A05315,N
A01496,N
A05093,O
A06748,O
A07691,O
A04701,~
A02816,N
A02936,N
A04009,N
A03803,N
A00045,N
A02158,O
A06661,O
A00213,O
A06584,O
A03951,N
A07978,O
A01233,N
A01553,N
A06541,O
A01273,N
A04665,O
A04777,N
A04788,N
A02850,N
A02247,O
A00667,N
A03536,N
A06721,A
A03202,O
A06432,O
A05240,N
A03750,N
A08491,N
A00147,N
A02499,A
A03067,N
A01468,N
A07360,N
A04359,N
A02959,N
A04836,O
A03800,N
A08259,N
A01027,O
A03087,O
A07431,N
A00476,N
A08100,N
A06289,O
A00330,N
A02551,O
A00617,N
A03280,N
A00791,N
A04289,N
A01583,O
A00685,N
A05413,N
A00350,N
A00336,N
A06907,O
A03685,N
A06343,O
A08372,~
A04745,O
A05175,O
A05962,O
A00241,N
A05714,O
A04243,N
A00844,O
A03348,N
A02186,N
A01334,O
A05124,N
A06822,N
A03198,N
A06854,N
A05680,O
A04901,A
A06154,O
A03617,N
A01664,N
A02124,N
A04125,N
A07641,O
A06585,N
A00471,N
A00203,O
A01258,A
A02152,O
A00661,N
A07377,N
A00908,O
A01550,A
A00969,N
A05251,N
A01836,O
A04535,N
A01854,N
A02006,N
A00657,O
A07451,N
A03585,N
A00005,A
A07933,N
A01213,O
A08045,O
A01735,N
A01772,~
A00408,N
A06556,O
A03208,O
A05749,O
A02815,N
A04933,O
A01107,O
A07862,N
A01263,O
A08519,O
A05048,N
A01052,A
A01371,A
A03980,O
A03549,~
A02698,N
A00879,N
A03790,N
A02985,N
A01405,A
A01562,A
A00102,A
A04512,O
A03999,O
A07297,O
A05786,N
A08427,O
A07086,N
A05019,O
A00776,A
A00673,O
A07848,N
A05566,N
A03320,N
A07911,N
A02682,N
A00072,N
A02613,A
A02176,O
A00964,A
A06802,N
A04484,N
A04224,N
A08090,O
A08188,N
A08518,N
A06077,N
A02164,O
A08198,N
A00435,N
A03173,N
A01451,N
A06594,N
A01592,O
A05895,O
A04913,~
A03042,N
A06522,N
A07069,O
A01123,N
A07061,O
A05860,N
A07988,O
A00192,N
A07499,N
A04296,O
A08068,N
A07230,N
A04383,A
A00913,O
A02947,O
A07806,O
A04739,N
A03986,O
A03117,~
A04466,O
A05867,O
A07095,N
A02390,O
A02765,N
A05284,N
A01026,N
A05436,O
A05246,N
A06598,N
A04848,N
A05086,O
A00403,N
A00413,O
A02485,N
A05036,N
A07768,O
A05433,A
A08229,O
A05677,N
A07167,N
A06837,O
A05627,O
A07148,O
A02401,A
A04312,N
A05030,O
A06788,N
A05103,O
A02863,N
A00233,N
A04845,N
A05787,O
A01459,O
A02203,N
A05303,N
A04831,N
A05180,O
A08266,O
A07116,N
A03809,N
A06129,N
A05497,N
A07375,N
A07571,N
A00544,O
A04292,N
A07118,A
A08249,O
A04630,O
A03388,N
A07805,N
A07196,A
A03545,N
A02925,N
A07979,N
A06101,O
A01261,N
A08105,N
A06750,N
A05039,O
A04031,O
A05139,O
A00681,N
A04860,N
A03086,N
A03753,N
A02183,A
A02047,A
A03413,N
A02354,N
A00527,N
A03023,N
A00965,N
A01628,N
A07368,N
A07307,A
A02145,N
A00701,A
A02201,N
A02234,N
A01277,N
A06962,A
A02707,N
A06537,O
A06221,N
A07642,N
A04103,O
A01846,O
A06279,N
A00642,N
A01140,N
A08076,O
A07374,~
A06615,N
A02825,N
A07292,O
A02443,N
A07891,O
A01462,N
A02831,N
A02734,O
A04677,N
A06201,O
A01819,N
A04393,N
A03466,N
A07353,N
A04506,N
A04636,N
A03048,N
A04212,N
A07258,A
A03845,N
A05343,O
A03905,A
A04066,N
A05458,A
A01770,N
A01331,N
A01978,N
A08485,N
A08083,A
A08048,O
A07199,N
A03304,N
A00929,N
A06018,N
A02609,N
A03819,N
A03184,N
A03735,N
A08173,N
A08419,N
A06884,N
A05328,N
A04766,N
A00454,N
A03519,O
A07616,~
A05669,N
A00143,N
A01537,N
A03288,N
A06966,O
A06233,N
A07634,N
A05009,N
A02596,N
A03913,O
A08505,N
A05693,O
A07030,O
A04552,N
A02567,N
A04295,N
A08050,O
A08073,N
A06336,N
A05550,N
A03211,N
A03883,N
A00077,O
A02913,N
A03230,A
A06847,O
A00768,O
A02050,N
A06283,N
A01013,A
A00223,N
A05621,N
A05812,N
A05253,N
A05760,O
A04054,N
A04735,~
A06662,N
A07924,A
A07359,N
A04808,N
A07577,O
A07994,N
A07127,N
A03716,N
A07335,N
A02118,O
A05943,O
A03372,N
A05520,O
A08436,A
A00735,N
A03418,O
A04414,O
A02924,N
A05701,N
A00154,N
A02677,A
A03451,N
A00317,O
A02173,N
A04655,N
A05164,N
A02394,N
A03928,N
A01744,O
A06274,O
A00075,O
A07159,O
A07816,O
A05776,O
A07275,A
A06039,N
A08021,~
A05993,N
A04569,O
A05591,A
A05527,O
A02787,O
A02673,N
A08099,N
A07573,N
A07709,N
A06164,N
A05662,N
A06731,N
A05642,N
A01835,N
A05206,O
A03712,N
A01924,N
A07305,N
A08143,N
A03419,N
A08069,N
A02252,~
A06861,A
A01093,O
A07539,O
A00274,N
A01251,O
A04704,A
A04942,A
A02994,N
A02025,N
A02536,A
A07248,N
A00242,N
A00307,~
A02251,N
A03707,A
A05821,N
A06073,O
A00195,O
A04420,N
A03505,N
A06525,N
A05929,N
A02188,N
A01099,O
A07252,O
A01297,N
A05877,N
A04193,N
A03162,O
A02747,O
A03903,N
A00595,N
A07626,N
A05720,O
A02457,N
A00817,O
A05609,O
A04168,O
A01117,N
A04907,N
A06110,O
A06294,N
A05885,N
A03241,A
A04332,N
A06965,N
A05780,N
A01096,N
A08452,O
A01489,N
A07285,A
A06475,N
A00052,N
A02926,A
A05005,A
A00196,~
A08381,N
A05633,N
A02028,N
A06089,O
A05161,N
A03358,A
A03050,~
A07560,O
A07803,N
A05881,O
A08222,N
A07284,A
A04277,N
A05861,N
A04255,N
A02294,O
A05893,N
A00856,N
A00054,A
A04680,N
A00954,A
A05351,O
A00229,N
A00270,O
A04934,N
A03000,N
A04424,~
A07508,N
A01034,N
A05403,N
A00339,N
A02612,N
A00687,O
A03425,N
A07477,N
A07668,N
A02689,N
A01818,N
A03882,N
A07357,N
A04851,N
A02125,N
A02044,O
A05597,O
A00692,N
A04567,N
A06364,N
A02467,O
A07696,O
A00295,N
A08423,N
A05508,N
A08413,N
A05672,N
A06880,N
A03485,N
A05534,N
A03957,N
A08214,N
A06909,N
A02289,A
A04442,N
A00246,O
A06090,O
A05619,O
A01993,N
A00125,~
A07173,N
A04893,O
A06604,N
A00528,N
A04439,N
A03635,A
A00484,O
A06841,~
A05685,O
A06330,N
A05982,N
A07887,O
A00907,N
A06546,O
A00566,N
A07892,N
A08469,N
A00086,N
A01076,A
A02741,O
A08384,N
A00816,N
A01127,N
A06198,N
A00090,A
A02265,O
A08088,N
A08313,O
A01435,N
A05462,O
A03740,O
A01374,N
A08430,N
A00777,N
A05886,O
A04000,N
A07636,O
A07827,O
A04574,O
A04038,O
A06468,N
A00726,N
A06173,N
A07162,O
A04821,N
A07702,A
A04349,A
A01502,~
A03054,N
A08306,N
A05155,N
A08318,N
A01727,~
A08240,N
A04916,~
A04453,N
A02080,N
A08018,A
A07809,O
A02236,N
A08369,N
A06550,N
A05854,N
A06411,N
A03975,N
A07418,N
A00769,O
A01456,N
A01586,O
A07429,O
A03654,N
A03108,N
A04948,~
A06535,N
A01228,N
A07893,~
A04683,N
A04260,N
A03104,N
A07746,N
A02370,O
A06641,N
A00872,O
A03657,A
A05560,N
A00051,N
A07096,A
A00318,N
A02454,N
A01616,N
A06862,N
A02270,O
A07926,N
A03354,O
A03868,N
A01733,N
A03031,A
A03503,A
A04011,N
A07280,O
A05227,N
A00972,A
A07186,N
A06339,O
A07007,N
A05040,N
A04507,N
A01535,N
A05247,O
A01031,O
A08488,N
A04715,O
A01308,O
A03128,A
A03746,A
A05095,N
A00030,O
A01364,N
A00865,N
A04861,A
A07114,N
A06924,N
A07354,N
A08233,N
A02386,N
A05078,N
A01558,N
A06030,O
A03134,N
A07017,O
A00935,O
A04843,N
A07697,N
A07490,N
A05141,N
A00204,O
A07972,N
A00057,N
A03792,A
A06998,A
A00100,O
A00292,N
A07640,N
A06504,O
A06783,N
A06505,N
A07683,N
A07223,N
A07853,O
A03569,A
A00007,N
A04130,O
A01257,N
A01097,N
A06236,O
A05862,N
A00898,O
A08509,N
A03889,N
A04348,A
A07054,N
A05589,O
A02256,N
A07795,N
A03313,N
A07041,N
A06370,A
A04339,N
A03492,N
A03631,N
A07438,O
A03552,O
A04131,N
A00354,N
A06981,A
A04303,~
A07821,O
A08461,N
A05441,N
A04925,N
A00139,~
A08116,N
A06592,N
A03322,N
A08139,O
A07425,N
A01402,N
A06497,N
A02198,N
A06105,O
A07042,A
A03098,N
A06754,O
A08208,O
A07932,N
A02268,O
A08379,N
A04855,N
A01705,N
A02175,N
A02571,N
A00063,N
A06291,N
A05630,O
A05732,O
A01129,A
A00251,O
A07296,N
A04730,N
A04839,N
A00269,N
A07956,N
A03528,O
A07840,N
A04833,N
A01606,O
A07889,N
A00519,A
A07411,N
A04792,N
A03412,N
A05222,N
A07065,N
A05478,N
A03567,A
A06038,N
A01296,N
A08388,O
A08044,N
A07536,N
A08193,O
A03595,N
A04653,O
A07593,N
A04379,N
A08008,O
A02042,A
A04302,N
A03496,O
A03822,O
A03641,N
A06067,O
A06686,N
A07287,N
A03287,O
A03352,~
A04010,N
A05952,N
A00391,N
A06976,N
A07710,A
A05188,N
A03166,N
A05624,O
A05904,N
A01882,N
A07012,N
A03421,O
A04815,A
A07390,N
A02199,N
A05417,N
A06084,O
A03632,N
A05717,N
A05887,N
A08054,O
A05191,N
A02993,O
A05249,N
A00104,N
A06338,O
A06560,N
A03956,N
A02843,N
A01656,N
A06987,O
A06658,O
A04911,N
A07212,A
A08299,O
A06367,O
A05687,N
A08528,N
A06356,O
A07151,N
A04055,O
A06418,N
A02702,~
A08210,O
A02214,O
A03949,N
A03297,N
A02752,N
A01734,N
A06208,O
A00375,A
A03823,N
A07133,O
A01942,N
A05221,N
A05286,N
A06449,N
A03161,A
A05757,N
A07612,N
A06954,N
A07085,N
A00940,N
A03185,A
A03037,N
A08218,N
A07202,O
A05549,O
A03477,N
A03979,A
A08028,N
A06866,O
A06366,N
A08471,O
A08281,~
A00720,N
A07756,O
A08361,O
A00356,N
A08310,O
A07659,O
A05091,N
A00172,N
A02412,N
A07386,N
A02945,A
A06155,O
A06589,N
A07609,A
A02521,N
A07290,O
A03832,N
A02495,N
A08417,N
A02638,N
A04627,N
A07231,N
A01386,A
A00202,N
A04067,N
A07341,N
A05698,N
A08343,O
A02357,N
A05735,O
A05062,N
A00712,O
A00983,O
A03286,N
A01799,N
A05047,O
A02663,N
A06368,O
A02163,O
A00799,N
A01288,O
A04748,N
A03107,N
A06290,O
A02114,O
A06849,N
A03350,N
A08255,N
A05314,N
A02684,N
A05506,N
A03535,N
A07590,N
A07735,N
A08006,N
A05689,O
A01817,N
A07170,N
A08163,O
A00376,N
A03342,A
A05059,A
A02668,A
A05143,N
A07436,N
A02803,N
A06738,~
A06297,A
A04695,N
A00016,N
A04556,N
A07098,N
A02602,O
A00693,O
A05145,N
A06647,O
A02319,N
A01842,O
A04132,N
A00734,O
A05992,~
A08159,O
A05551,O
A05210,N
A05953,O
A05470,A
A08179,O
A03723,O
A02565,N
A00492,N
A06763,N
A04906,N
A06793,O
A05074,N
A00635,N
A05257,N
A03004,A
A03289,N
A01977,N
A06599,N
A04943,A
A06322,O
A05843,N
A04921,N
A04294,N
A02449,N
A02115,N
A07607,A
A00414,N
A03115,N
A05410,A
A04982,O
A02486,N
A08144,N
A06263,N
A01193,O
A04811,N
A04516,A
A08154,A
A00597,N
A06319,N
A08391,O
A07346,N
A02761,N
A06774,A
A08336,O
A07870,N
A00293,O
A00243,O
A05869,O
A08012,A
A01467,A
A05960,~
A03109,N
A07420,N
A03034,A
A04077,N
A00705,~
A03491,N
A02336,N
A07428,A
A04832,O
A06729,N
A00766,O
A03123,N
A02934,O
A01580,N
A02956,N
A01955,O
A07604,N
A04361,O
A07586,N
A01915,N
A03028,N
A04417,O
A01614,A
A04164,O
A06005,O
A04729,O
A08514,A
A06741,O
A06781,~
A04837,N
A07176,N
A04062,O
A00809,N
A02182,N
A01777,O
A00164,~
A04033,N
A07838,A
A08098,N
A05547,A
A07144,O
A06182,O
A02468,N
A00138,O
A04888,O
A06329,O
A04192,N
A03948,N
A07083,O
A08213,~
A01208,N
A00150,N
A06529,N
A05381,O
A02592,N
A05537,N
A07349,N
A02658,O
A08353,A
A04427,O
A01872,O
A02723,N
A06269,O
A07365,N
A06214,O
A01333,O
A01513,N
A02793,N
A00287,N
A02346,N
A04635,O
A05492,O
A02281,N
A06820,A
A00880,N
A06993,N
A05620,O
A04095,N
A05397,N
A03002,N
A08114,O
A06999,N
A05696,O
A08037,O
A00790,N
A08272,N
A07004,A
A02911,O
A01353,N
A07960,N
A05536,N
A02425,A
A04978,N
A03210,O
A03878,N
A03124,N
A03862,A
A02059,N
A06532,O
A01834,O
A08520,O
A01595,N
A00738,N
A03911,N
A07002,N
A05606,N
A01042,A
A03773,O
A02972,N
A08278,O
A04280,N
A02024,O
A05594,O
A07667,N
A01223,N
A02708,O
A06351,N
A06771,N
A00495,N
A05490,N
A05987,A
A01992,N
A06437,N
A06995,O
A00284,N
A02244,N
A05944,N
A03258,O
A02762,N
A03366,N
A05864,O
A06423,A
A02977,N
A00610,N
A05649,N
A05173,N
A07954,O
A06499,N
A08126,O
A04676,~
A01264,N
A03855,N
A03384,N
A00512,N
A03925,N
A03888,N
A06963,O
A05055,N
A00530,O
A01274,O
A04428,O
A07074,N
A06602,N
A01162,N
A06242,O
A03460,A
A06082,N
A02033,N
A02348,O
A08412,O
A08250,O
A05998,N
A03039,~
A01697,N
A03100,N
A06462,N
A07389,N
A01161,N
A07734,O
A02607,~
A02019,O
A06948,O
A03186,N
A06635,N
A01774,O
A00709,O
A02646,N
A08033,N
A00614,A
A05517,O
A02202,O
A05697,N
A02781,N
A05099,O
A03436,O
A04017,N
A07998,O
A02858,N
A03890,O
A05337,N
A06444,O
A04738,O
A00359,N
A06372,N
A03575,O
A05279,N
A00481,N
A02068,O
A00741,O
A07896,A
A08264,N
A05896,N
A03521,O
A02003,O
A07629,N
A05235,N
A01126,N
A08176,O
A06588,~
A02725,O
A03500,O
A05984,O
A00682,N
A00977,O
A05868,N
A00975,O
A05425,O
A05932,N
A00795,A
A05661,N
A03586,N
A04317,N
A03369,N
A06455,O
A01427,~
A01029,A
A01484,O
A08493,~
A06726,A
A07635,N
A01671,N
A02561,N
A05269,O
A07657,A
A06200,N
A01183,O
A02375,A
A07052,N
A05671,N
A01244,A
A00237,N
A05495,A
A05420,O
A02063,N
A02232,O
A01080,N
A07182,N
A01357,O
A02829,~
A01554,N
A00789,O
A05595,O
A06040,O
A07717,N
A03765,N
A00899,N
A01018,N
A05807,O
A05978,O
A02667,N
A05631,O
A07400,N
A01366,O
A01166,N
A08282,N
A02350,N
A01303,A
A02065,N
A05514,O
A00411,N
A00448,N
A02733,O
A05278,N
A08115,N
A02839,N
A03715,N
A07219,O
A06194,O
A00093,N
A02595,N
A04863,O
A02479,~
A02904,N
A04755,N
A07730,N
A01514,N
A04197,N
A04483,N
A07322,~
A08206,O
A04726,N
A07828,N
A07269,N
A04256,N
A03722,N
A01438,O
A04007,N
A08207,A
A03250,O
A03291,O
A00137,A
A03368,O
A06284,N
A08307,A
A02640,N
A02504,N
A03457,N
A00762,N
A00418,N
A02860,N
A04371,N
A01534,N
A01543,O
A01500,N
A07066,O
A08112,~
A00112,N
A06567,N
A04668,N
A07122,A
A03462,N
A05152,N
A01609,N
A04936,A
A01125,N
A04995,N
A05863,N
A06713,A
A07888,A
A07621,N
A08030,O
A01954,O
A08339,O
A04411,N
A01811,A
A03623,N
A08081,O
A08039,O
A00429,N
A03851,O
A04367,N
A00437,N
A00128,A
A00822,N
A00480,N
A03326,N
A04938,N
A05801,O
A05623,N
A05695,O
A02372,~
A03573,N
A04554,N
A06671,~
A06539,N
A07922,N
A01316,O
A03668,N
A05412,N
A02887,O
A02835,O
A04156,N
A07516,N
A01853,A
A06706,N
A07006,O
A00043,O
A08497,N
A04800,N
A05742,N
A06237,O
A03097,N
A07787,O
A03761,N
A06480,N
A02821,~
A04454,A
A05208,O
A02313,N
A00893,N
A00135,N
A03416,O
A08001,N
A03353,N
A04859,N
A01066,N
A03204,N
A03802,O
A02997,O
A00424,N
A01043,O
A03757,O
A02834,O
A08291,O
A01541,N
A06086,O
A05349,N
A06286,A
A00557,O
A01788,N
A02893,O
A06312,O
A06066,N
A00351,N
A03940,N
A03717,O
A05097,N
A00478,N
A04318,O
A08311,O
A05369,N
A05722,N
A00870,N
A02892,A
A01508,N
A05845,O
A07685,N
A04606,N
A07387,O
A02814,N
A06313,N
A05546,O
A04644,~
A04828,O
A03884,N
A03858,N
A06931,N
A04440,O
A00106,~
A02049,O
A01430,N
A02161,N
A04378,N
A07068,O
A02091,O
A01691,A
A08216,O
A00771,N
A01492,N
A07615,N
A05733,N
A06392,N
A01087,A
A06485,O
A00503,O
A06547,N
A02509,A
A02901,N
A07517,O
A03145,N
A02652,N
A06538,N
A08397,N
A05602,N
A03848,~
A08495,A
A03621,O
A06433,N
A06441,N
A02027,O
A04210,N
A01766,A
A04522,~
A02385,N
A00461,O
A08246,O
A06675,N
A04149,O
A01859,N
A00537,~
A06000,O
A02575,N
A04158,N
A08404,O
A01775,N
A02957,N
A03576,A
A04700,N
A05918,N
A04327,N
A06892,O
A07460,O
A02133,~
A03234,N
A07129,N
A02438,O
A06299,O
A01995,N
A01633,O
A00672,N
A01665,N
A02045,N
A04578,N
A06281,O
A04992,N
A02693,~
A02308,N
A04044,N
A05203,N
A01803,N
A04430,N
A01466,O
A06224,O
A06317,O
A04333,N
A01059,N
A07644,N
A05426,N
A01958,N
A01699,N
A03433,N
A01335,N
A03380,N
A06690,A
A04363,O
A01698,N
A07865,O
A02264,N
A06650,A
A04550,O
A06326,N
A07868,N
A02748,O
A02480,N
A08360,N
A03677,O
A08478,O
A01118,N
A02074,N
A07136,~
A07147,N
A01653,O
A00945,N
A03751,N
A02720,N
A03672,N
A06162,N
A03398,N
A06081,N
A07674,O
A07938,O
A03111,O
A06951,N
A00186,O
A00533,O
A06296,N
A01659,N
A00028,N
A04391,N
A01307,N
A07907,N
A00029,O
A04544,O
A08289,N
A05431,A
A03651,N
A05440,N
A08190,O
A00009,A
A07923,O
A03730,O
A00821,N
A03742,O
A01921,O
A07486,O
A06655,O
A06807,O
A01971,N
A07241,N
A02413,N
A01024,A
A01392,N
A04050,N
A05364,O
A01494,O
A06576,A
A08304,A
A02490,O
A00116,N
A05309,O
A02012,O
A01922,N
A04177,O
A06846,N
A02060,O
A03627,N
A05226,N
A00889,O
A02525,N
A08383,O
A00861,N
A03410,O
A00760,N
A00806,N
A02625,N
A05532,N
A00398,N
A06288,A
A01320,N
A01301,N
A05455,N
A00423,N
A01847,N
A00254,N
A00961,N
A08496,N
A00345,O
A05668,O
A03232,N
A06910,N
A04824,N
A01551,N
A07961,O
A07528,N
A02937,A
A04086,~
A07236,A
A03731,N
A05899,N
A01823,N
A01512,N
A04886,N
A02373,N
A00582,N
A02700,N
A06679,N
A04159,O
A04142,N
A02073,N
A01376,A
A08268,O
A05646,N
A03869,O
A06651,N
A06821,N
A03454,N
A03871,N
A00993,O
A01813,O
A04856,N
A07373,N
A00592,A
A00646,O
A06108,O
A08064,A
A00308,O
A01611,N
A06227,N
A02553,N
A05185,N
A00922,N
A03251,O
A00445,~
A03415,N
A01572,N
A01793,N
A00323,N
A00425,N
A06859,N
A06094,N
A00862,N
A00714,N
A04905,A
A00117,N
A05319,O
A01001,N
A02022,N
A07686,O
A03874,N
A01407,O
A03695,N
A00312,N
A04879,N
A01428,N
A01866,N
A00979,O
A00042,N
A01409,N
A00392,N
A08422,A
A01071,O
A04710,O
A06922,N
A07851,N
A06465,N
A03057,N
A05327,O
A03417,O
A01481,N
A01711,A
A02157,O
A04052,O
A02614,~
A03540,O
A07473,A
A07381,A
A02130,N
A07005,O
A04094,N
A02320,O
A07071,O
A04278,N
A01941,A
A04884,N
A05065,N
A01240,A
A02910,N
A06816,O
A06527,O
A07941,O
A04692,N
A00096,O
A06360,N
A00200,N
A06287,O
A05361,N
A05454,O
A02296,O
A05783,O
A04612,A
A01906,N
A03509,N
A07661,A
A07414,N
A04049,O
A03183,~
A05146,N
A07917,N
A01967,N
A01986,A
A06311,N
A07968,O
A02100,N
A01137,N
A05104,N
A07796,O
A03383,N
A04441,O
A04230,A
A06442,N
A05197,O
A07388,O
A01356,O
A05731,N
A07172,O
A07051,N
A08084,N
A04917,N
A00541,N
A03095,O
A02383,N
A02557,A
A08494,N
A02827,O
A06187,N
A04116,N
A05476,A
A04380,N
A08501,O
A05287,N
A00841,N
A04118,N
A06808,O
A04666,N
A06984,A
A04274,O
A01106,N
A07267,N
A05236,N
A01420,A
A01613,N
A02142,N
A06099,N
A00502,O
A05243,O
A03727,O
A05981,O
A08462,N
A06530,N
A06764,O
A07511,N
A01857,N
A03906,N
A08292,O
A06926,N
A06875,N
A00758,N
A01174,N
A03386,N
A03814,O
A06021,~
A01377,N
A03558,N
A01224,O
A07447,N
A08516,O
A04563,N
A01328,N
A06636,N
A05332,O
A04789,N
A05460,N
A03782,N
A06216,N
A04533,O
A01130,O
A05710,N
A07548,N
A06782,A
A05084,N
A01647,O
A01370,A
A05800,N
A04873,~
A06838,N
A06087,N
A02345,N
A01338,O
A06899,O
A01444,N
A04495,N
A06057,A
A05011,N
A03655,N
A06186,O
A06112,O
A06305,N
A07385,N
A06916,O
A03646,O
A07276,N
A00167,N
A04953,N
A06587,N
A02559,A
A04273,N
A03467,A
A05605,N
A01522,A
A04817,N
A08040,O
A03298,N
A02807,A
A07672,O
A02393,N
A04586,O
A04406,N
A06050,O
A03508,A
A00039,N
A01683,N
A06545,A
A05712,O
A02598,N
A03255,N
A00340,O
A06723,N
A04270,N
A02448,N
A08082,N
A04376,N
A07109,~
A06310,N
A04733,N
A03248,N
A02149,N
A00851,O
A01434,N
A00571,N
A02703,N
A02629,O
A03272,N
A07762,N
A02587,A
A07327,N
A02269,N
A06491,N
A08147,O
A06165,N
A05237,A
A07315,N
A02444,N
A06622,~
A06307,O
A00888,A
A02826,O
A06168,N
A02955,~
A08434,O
A01009,N
A04335,O
A06937,N
A06570,N
A05653,O
A01022,N
A01899,N
A07598,N
A04686,N
A07937,N
A06381,N
A04744,N
A07382,~
A08005,O
A01146,N
A06029,O
A03335,O
A05042,N
A07521,N
A04497,N
A05010,O
A05153,O
A08025,A
A08366,N
A02932,O
A05121,N
A05396,N
A05395,N
A02392,O
A02539,N
A03052,N
A04170,~
A01855,N
A02212,O
A07860,A
A01507,N
A04609,N
A00603,O
A07174,N
A04823,N
A04389,N
A01298,O
A00774,~
A03908,N
A07595,N
A02447,N
A02229,N
A02782,A
A05856,N
A03548,A
A04447,N
A05294,N
A00669,N
A01889,N
A06482,N
A04175,O
A04825,O
A04624,N
A07513,N
A06689,N
A05729,N
A07462,O
A03265,N
A04774,N
A04036,N
A07563,A
A03020,N
A05295,N
A02052,N
A07720,O
A06107,N
A02039,N
A05402,N
A05190,A
A05073,N
A03643,O
A04267,N
A03179,N
A08227,A
A03907,N
A06253,O
A05354,N
A02599,N
A04754,N
A07121,N
A00968,O
A08089,N
A00957,O
A01203,O
A01050,N
A04996,N
A03794,O
A07651,N
A07143,A
A04266,O
A07857,O
A05675,N
A02635,N
A00845,N
A03178,N
A07982,A
A01211,N
A05572,A
A07754,O
A04092,O
A05834,N
A07559,N
A06883,N
A00556,O
A03966,N
A03526,N
A05071,N
A06595,~
A00290,N
A00576,N
A06784,N
A07993,N
A03644,N
A05726,A
A04527,O
A07476,N
A02103,O
A07141,N
A07545,N
A01621,N
A02018,N
A07076,O
A05345,N
A01425,N
A06138,N
A08378,~
A00058,O
A01143,N
A01546,O
A06431,A
A07225,N
A01773,N
A01848,N
A02245,O
A02804,O
A02772,~
A05991,N
A01144,N
A04717,N
A05288,N
A07100,A
A04985,N
A02469,N
A02500,N
A07653,N
A02352,N
A06860,A
A04087,N
A03584,A
A00406,O
A07845,A
A03914,O
A03513,O
A03525,O
A01754,N
A00987,N
A04169,N
A08351,N
A01227,N
A07755,N
A06010,O
A00166,N
A03502,A
A02871,N
A04813,N
A06564,N
A01603,N
A01638,N
A08128,N
A07222,N
A06858,N
A00008,O
A06961,N
A00596,N
A04035,N
A07023,N
A07339,N
A05573,N
A07145,O
A05150,O
A01495,N
A07712,N
A06631,A
A03167,O
A06767,O
A04027,N
A00966,N
A08474,N
A04897,A
A01069,N
A06199,N
A05524,A
A02181,~
A06601,N
A04675,A
A00306,N
A05101,N
A06334,N
A07295,N
A06511,O
A08020,N
A00971,O
A03899,N
A02688,O
A03310,A
A02757,A
A08410,O
A00259,O
A01422,N
A05585,O
A04892,O
A06844,N
A08195,A
A03737,N
A01584,A
A01771,N
A04613,N
A04850,N
A07468,N
A04969,N
A06986,O
A04960,O
A02611,A
A07587,O
A00245,N
A00466,O
A05876,N
A06325,O
A01932,A
A05085,N
A01493,N
A05359,O
A05939,N
A02763,N
A03290,O
A07608,N
A02371,N
A07732,A
A05029,O
A06979,N
A02078,N
A03058,N
A07444,N
A05018,~
A05060,O
A02880,N
A04269,N
A02085,N
A01176,N
A08160,~
A06790,N
A03935,O
A01382,N
A01559,N
A03904,O
A07574,O
A06877,O
A08440,N
A01098,N
A00538,N
A02916,N
A05782,O
A06163,N
A07040,N
A04386,O
A06335,O
A00067,A
A06001,N
A03560,N
A01212,N
A04919,N
A06677,A
A04847,N
A00349,N
A06974,N
A00470,O
A02356,N
A01746,O
A03430,N
A01028,N
A07529,N
A01849,N
A05004,O
A07027,~
A04528,N
A04949,N
A02524,N
A06421,O
A03690,N
A02950,N
A03557,N
A04976,O
A05831,O
A06968,O
A05008,N
A00327,O
A03863,A
A00037,N
A07751,N
A02516,N
A07422,N
A04397,N
A02665,N
A06353,O
A05781,N
A03226,N
A06324,N
A01692,O
A00580,N
A03429,N
A08265,N
A00118,N
A07959,O
A02395,N
A01594,A
A01934,N
A03339,O
A04929,N
A00996,N
A04236,N
A07203,O
A00328,N
A04654,N
A08219,O
A00671,N
A00275,N
A03458,N
A02429,A
A03035,N
A02798,O
A03842,O
A02740,~
A03642,N
A06278,O
A02258,N
A08024,O
A02274,N
A05650,N
A02266,N
A08138,N
A04207,A
A02081,A
A03085,N
A03088,N
A05414,N
A06196,N
A04571,O
A02527,N
A08080,N
A01917,~
A05428,O
A05135,O
A05149,A
A00452,N
A02623,N
A02340,N
A07991,N
A00918,N
A06626,O
A04651,N
A03312,N
A01570,N
A00509,A
A05973,O
A04561,N
A06111,N
A07786,~
A00517,N
A07758,N
A07799,O
A05473,N
A08102,N
A01318,O
A05883,N
A03759,N
A04246,N
A05330,N
A08215,N
A06244,N
A06008,O
A00465,A
A01268,A
A05519,N
A05049,A
A07910,N
A06445,N
A05375,N
A00390,N
A02144,N
A06901,O
A04962,O
A04261,O
A07679,O
A01701,O
A05684,O
A06873,N
A07216,N
A02180,O
A00334,N
A04375,N
A05409,N
A02107,O
A06189,N
A03674,N
A00828,N
A07309,N
A07338,O
A06819,N
A07606,O
A07824,N
A05616,A
A05377,N
A04034,N
A02520,N
A07439,N
A03910,A
A03675,N
A06605,O
A04602,N
A04188,N
A03775,O
A02653,N
A01949,N
A05582,N
A06056,N
A02809,N
A04935,N
A08094,N
A02580,N
A00871,N
A03636,N
A00301,A
A02105,O
A03449,N
A04605,O
A07421,O
A03660,A
A03072,O
A07652,N
A04123,A
A01062,N
A01674,N
A05471,O
A06516,O
A00783,N
A04924,A
A06557,N
A04734,O
A05825,O
A02711,N
A07639,N
A01191,O
A03047,O
A01660,N
A03096,N
A06169,O
A06845,O
A01455,N
A01608,O
A01765,A
A05691,N
A07694,N
A01120,N
A08451,A
A02009,N
A04108,O
A08371,A
A08108,N
A00524,~
A00549,O
A02048,N
A02986,O
A07773,O
A07475,N
A00643,A
A04338,N
A05615,N
A00451,O
A01416,N
A07904,A
A04195,O
A01094,O
A03494,N
A05223,N
A05557,O
A07689,O
A07286,O
A03769,N
A04899,~
A06667,N
A02968,N
A02721,N
A05936,N
A02416,N
A02017,N
A06688,O
A00342,O
A04182,N
A04221,N
A06175,N
A05844,N
A04064,N
A02633,N
A01840,N
A06946,N
A05021,N
A01284,N
A07044,N
A05813,N
A01471,O
A02421,N
A01110,N
A01528,N
A07947,A
A08007,O
A00032,N
A03541,~
A01708,N
A00098,N
A04346,O
A03891,N
A01404,N
A07246,N
A00404,A
A06666,A
A02211,N
A02263,N
A05194,N
A02190,A
A05788,O
A07719,N
A06190,O
A06958,N
A08158,N
A04085,O
A05252,O
A04073,N
A07343,A
A02687,O
A00025,N
A02538,A
A08385,N
A06988,N
A07137,O
A08174,N
A03135,N
A01033,N
A01681,N
A03363,~
A06960,N
A02031,O
A05452,N
A07707,N
A06376,N
A07383,N
A04865,O
A05531,O
A05198,N
A00927,O
A01748,N
A03093,N
A01720,O
A02522,O
A03090,O
A01074,N
A01909,O
A00348,O
A07274,O
A05756,N
A07200,N
A07028,A
A00850,O
A04217,N
A03324,O
A04309,O
A05336,O
A02842,N
A03599,N
A03114,N
A01807,N
A04585,N
A07748,N
A06997,O
A02422,N
A03154,A
A01225,N
A08442,N
A02774,N
A05461,N
A05574,N
A00525,N
A04693,O
A02300,O
A03591,O
A02043,N
A08363,N
A03662,N
A03141,N
A03026,O
A06554,O
A04021,O
A07031,N
A01483,N
A02591,N
A03981,N
A07215,O
A08211,N
A05648,O
A06382,N
A07620,O
A08095,N
A06642,O
A04564,N
A02318,O
A04801,N
A08438,N
A04857,N
A01280,O
A00882,O
A03589,N
A03752,O
A07079,N
A01908,N
A02307,A
A04708,N
A07987,N
A08096,O
A03411,N
A08062,N
A01726,N
A05724,N
A04146,N
A03533,N
A03009,N
A05498,N
A06134,O
A00842,N
A02278,O
A00161,O
A02162,N
A06217,O
A05041,N
A05890,N
A06725,A
A05554,N
A03463,O
A05583,N
A02453,N
A02861,N
A05734,O
A03122,N
A08244,N
A06526,A
A06218,O
A06515,O
A04477,N
A02374,N
A07131,N
A06980,N
A03163,N
A07525,N
A01081,O
A04244,~
A06583,N
A05171,O
A00140,N
A05254,A
A05933,N
A06699,A
A05608,O
A06120,N
A03512,N
A04382,N
A07043,N
A06340,O
A06903,A
A00240,N
A01255,N
A07903,A
A08308,N
A05311,O
A05814,N
A00004,A
A04438,N
A06250,O
A00812,N
A02474,A
A07000,N
A05098,N
A04894,N
A01104,A
A08162,N
A06473,N
A00261,N
A00092,O
A05096,O
A08457,N
A00890,N
A05592,~
A01139,N
A04398,A
A04723,O
A00111,N
A02433,O
A07003,O
A02975,N
A06694,O
A07721,N
A08352,N
A07520,N
A04822,O
A03762,N
A04702,O
A01565,O
A08178,N
A07942,O
A01067,N
A02780,O
A00874,N
A04400,O
A03739,~
A05915,N
A01677,N
A00973,N
A02233,O
A02954,N
A02273,O
A07504,N
A07700,N
A04694,N
A01243,N
A04639,N
A00631,N
A00449,N
A07570,O
A06143,N
A05457,N
A00826,O
A06634,N
A05927,O
A04257,~
A06543,N
A01970,O
A01644,N
A01939,N
A01060,N
A04189,N
A04697,A
A02574,O
A03059,N
A03885,N
A07033,N
A00426,N
A02685,O
A01485,N
A03973,N
A08003,A
A07562,A
A08049,N
A02917,N
A01863,N
A06446,N
A00062,N
A05169,N
A06357,O
A05305,O
A03574,N
A04259,O
A01675,N
A07557,N
A02005,O
A00933,A
A01600,N
A03283,O
A01038,N
A05928,N
A06436,O
A05913,O
A08454,N
A05266,O
A08060,O
A00951,A
A01249,N
A02477,O
A05832,O
A03175,N
A01792,N
A03581,N
A07558,N
A00948,N
A05794,N
A03702,N
A07105,N
A07880,O
A08380,N
A06069,O
A05271,N
A02537,N
A07424,N
A00600,N
A01980,N
A02220,N
A01385,N
A06303,O
A03776,N
A02755,N
A07666,A
A05723,N
A00176,O
A04209,O
A05976,N
A08072,N
A02877,O
A05772,N
A02547,N
A02657,N
A03136,N
A02659,N
A06925,A
A02494,N
A04016,A
A02544,O
A03538,O
A02562,N
A02056,O
A07566,N
A00960,N
A00833,N
A02365,N
A05613,N
A04485,N
A05057,N
A07146,N
A05459,A
A04765,N
A07220,N
A00225,A
A04784,N
A06394,N
A04366,~
A06015,O
A07037,N
A04958,N
A00609,N
A05688,N
A01601,N
A02840,O
A00730,N
A05816,N
A03131,N
A02030,N
A05499,N
A05376,O
A02026,N
A07029,O
A02788,N
A06452,O
A05373,O
A05392,A
A01710,N
A08261,N
A06625,O
A06451,O
A00727,N
A00298,O
A03377,N
A07155,O
A02796,N
A02819,A
A08405,A
A00589,A
A01717,N
A00208,A
A02285,N
A02029,N
A01957,N
A06106,N
A04288,O
A08133,A
A05703,A
A01003,N
A00853,N
A00644,N
A07152,N
A01037,O
A05355,~
A02225,N
A05997,O
A04213,N
A00440,N
A08298,N
A08365,O
A05640,O
A05456,N
A05379,O
A03983,A
A08220,N
A00634,O
A01477,O
A00755,N
A01960,N
A00157,N
A06096,N
A03488,N
A02506,A
A02404,N
A03408,~
A03793,O
A01920,N
A00405,A
A02679,O
A00188,N
A06222,O
A00485,O
A00756,N
A08175,O
A06496,O
A05464,O
A06904,O
A03012,A
A06493,A
A05170,O
A01844,A
A05538,N
A05058,N
A01596,N
A00297,N
A05934,N
A02552,O
A00056,~
A04866,N
A01763,~
A00616,N
A04068,N
A06864,N
A05755,N
A05340,N
A05965,O
A07103,N
A04201,A
A00653,O
A06930,N
A06114,N
A02639,O
A01845,N
A06943,N
A07384,N
A04187,N
A05365,~
A06742,O
A05500,A
A05122,N
A06868,A
A08329,O
A02964,N
A05350,O
A01279,O
A05628,O
A06913,N
A08260,N
A00732,O
A05995,N
A08483,N
A02714,N
A07442,N
A00645,N
A01090,N
A07512,N
A06023,O
A02109,N
A06204,N
A04598,N
A06327,N
A06205,N
A02360,N
A07603,O
A01153,A
A05967,O
A03238,N
A04740,N
A02588,N
A01630,N
A08141,N
A02000,N
A04368,N
A07738,N
A04746,N
A00279,N
A00373,O
A01868,N
A08101,O
A07985,O
A00422,A
A05232,O
A01121,N
A02111,O
A00311,N
A07294,A
A05683,O
A06220,N
A02713,N
A03694,N
A06889,N
A02396,O
A07110,N
A08450,O
A06293,N
A02764,A
A07611,N
A05516,N
A04583,N
A00663,N
A04626,N
A02322,O
A04597,O
A02550,A
A00322,N
A04870,N
A01073,O
A01743,N
A08122,N
A03877,N
A05911,O
A06818,A
A05012,O
A02127,N
A03600,N
A02973,O
A08510,O
A01812,N
A02859,O
A07024,N
A00250,N
A00930,O
A00162,O
A00780,N
A05705,N
A05312,O
A03440,N
A03083,O
A02818,O
A02712,N
A08236,A
A04722,O
A04148,N
A04048,A
A03292,N
A01563,O
A06352,N
A06131,N
A01200,N
A06660,O
A01165,N
A06348,N
A02513,N
A05891,N
A01737,O
A01874,N
A05174,N
A07977,N
A00303,N
A02088,N
A00369,N
A03340,N
A06611,O
A06457,N
A05562,N
A04415,O
A00818,N
A07416,N
A04160,N
A00947,N
A04594,A
A01626,N
A05793,N
A03215,~
A01629,A
A01755,~
A05408,~
A01368,N
A02104,A
A06072,O
A07015,N
A04399,N
A08185,O
A05088,N
A04065,N
A05094,N
A05789,A
A04215,O
A05526,N
A06823,O
A01286,O
A02938,N
A03777,N
A00360,N
A01116,~
A01897,O
A06046,N
A03833,O
A05158,N
A02897,N
A00384,O
A02062,O
A02624,N
A03218,N
A04167,O
A04974,N
A04070,N
A07412,N
A02585,N
A03008,N
A02400,A
A05358,N
A06775,N
A03396,N
A03441,N
A02903,N
A04589,N
A04345,O
A02309,N
A08490,O
A05540,O
A07072,O
A06047,N
A00498,O
A00779,N
A00753,N
A07596,N
A07878,O
A05815,N
A05066,O
A05374,N
A02867,O
A04242,O
A02262,N
A02970,N
A04862,O
A07270,A
A01935,N
A01713,N
A08004,N
A03710,N
A05380,N
A08432,O
A02568,O
A07469,N
A00260,O
A01542,N
A06520,O
A08523,A
A03043,N
A03630,O
A03936,O
A00049,N
A00911,N
A06232,N
A04311,N
A05132,O
A00209,O
A06740,N
A06058,N
A07204,N
A01114,N
A07458,N
A03779,N
A00959,O
A06003,O
A02770,N
A02519,A
A08074,N
A03474,O
A02535,O
A04638,A
A02778,N
A06898,A
A03688,N
A06724,O
A02627,N
A02014,O
A01105,N
A03007,N
A07278,N
A01852,O
A00577,O
A06869,A
A06172,N
A00529,O
A00838,N
A04955,O
A06990,N
A04097,N
A00066,N
A03955,N
A03213,N
A01302,A
A02586,N
A03580,~
A01055,N
A03922,N
A05116,A
A03021,O
A08355,N
A02848,N
A03459,N
A02914,O
A08487,O
A06249,N
A06211,N
A08507,N
A07801,O
A05504,N
A04959,N
A06390,N
A02769,N
A03373,O
A05034,N
A03370,O
A02865,N
A04265,N
A05561,N
A08482,N
A07844,N
A00506,N
A05274,O
A01597,N
A05744,N
A05205,N
A06191,N
A01015,N
A00718,O
A07227,N
A08183,N
A06908,N
A06863,N
A04004,N
A04769,O
A06578,O
A03542,N
A04610,N
A05075,N
A04058,N
A05826,N
A04469,O
A07628,O
A08238,N
A05805,N
A03434,N
A04459,N
A01072,O
A06734,A
A02476,N
A01198,A
A03588,N
A01828,A
A06876,N
A02517,N
A01730,N
A00511,O
A03239,~
A06831,O
A07191,N
A01433,A
A02267,N
A05310,O
A00201,~
A01449,A
A01100,O
A07407,N
A07955,N
A01794,N
A03770,N
A01453,N
A00655,N
A04647,N
A05709,N
A04489,N
A03692,O
A04119,N
A05306,O
A01938,~
A03912,N
A01666,N
A03153,O
A02716,N
A04524,O
A04241,O
A00988,~
A01877,N
A04965,N
A01396,N
A01761,O
A00286,O
A06710,N
A06463,N
A01469,O
A03838,A
A07908,O
A04353,N
A01829,O
A06882,O
A08467,N
A03439,O
A07788,N
A00289,N
A06709,N
A05942,O
A05767,A
A05652,N
A06700,A
A08527,N
A05324,N
A00402,O
A06969,O
A05544,N
A07637,O
A04510,N
A06627,A
A03565,~
A00823,N
A00221,N
A01648,N
A04758,N
A06439,N
A06223,N
A04392,N
A00420,N
A08230,O
A03343,N
A02095,N
A06103,~
A04941,~
A06503,N
A05474,N
A00891,N
A03062,N
A08309,O
A05888,N
A05238,A
A03909,N
A05728,N
A05250,N
A03427,O
A03262,O
A00736,N
A02379,O
A00428,O
A02549,A
A02472,N
A05521,N
A03696,O
A00793,O
A00677,N
A04342,N
A04685,~
A04599,N
A06894,O
A08135,N
A03522,N
A04416,N
A06912,A
A03959,O
A03137,O
A04444,N
A01576,O
A04523,N
A03227,N
A00248,N
A08323,N
A06333,N
A06391,O
A06157,~
A04532,N
A00247,A
A07518,A
A06776,~
A00676,N
A03556,O
A02876,N
A02776,A
A01344,N
A02690,O
A01593,N
A05762,N
A07392,N
A06374,O
A01826,O
A04018,O
A00942,N
A06693,O
A08029,N
A06737,O
A05214,O
A01814,O
A04673,~
A06034,N
A00659,O
A08043,~
A02053,O
A05385,N
A01287,N
A01164,O
A00843,N
A08341,N
A05737,N
A08416,N
A08009,N
A00346,N
A07772,O
A04596,A
A01966,~
A08047,A
A06810,N
A05590,O
A01180,O
A02242,O
A05552,N
A06331,O
A02376,N
A00697,O
A06085,N
A03835,N
A08140,N
A08400,O
A07897,N
A01171,A
A05946,O
A02988,O
A01314,N
A07055,N
A04618,N
A07849,N
A01627,O
A02167,N
A04547,N
A03511,N
A06681,N
A07963,O
A06609,O
A07067,O
A06521,N
A07092,A
A00361,N
A01490,N
A04390,N
A08053,A
A05177,N
A02971,N
A03308,O
A04083,N
A05393,O
A00494,N
A01487,O
A05270,A
A04381,N
A03970,O
A00455,N
A02216,N
A03984,N
A01582,N
A04145,N
A05743,N
A01850,N
A00863,N
A06799,O
A04826,N
A04043,N
A01870,N
A02604,N
A00650,O
A02217,~
A01861,N
A01229,N
A03246,A
A03821,N
A01521,~
A01867,N
A02487,N
A03424,O
A05339,N
A01160,~
A05148,N
A07108,N
A04032,N
A04464,N
A07650,N
A06593,N
A03743,N
A05912,N
A02593,N
A04543,N
A08031,N
A03256,N
A04689,N
A04587,A
A03302,N
A00144,N
A00689,N
A05082,N
A00773,O
A04457,N
A06359,N
A06579,N
A03268,N
A05806,N
A04989,O
A02436,O
A02960,N
A00347,N
A04437,N
A03259,N
A04285,N
A05874,A
A00001,N
A01631,N
A06308,N
A07326,N
A01216,O
A04560,A
A06068,N
A07588,N
A06501,~
A07256,A
A00439,A
A00296,O
A07228,N
A03996,O
A03325,N
A01998,N
A01640,N
A05679,O
A03017,O
A03121,N
A05224,O
A06806,N
A00386,N
A03194,N
A05636,N
A07662,N
A03101,A
A04534,N
A04537,N
A00133,O
A06757,O
A02054,N
A01624,A
A03624,O
A04853,~
A02424,N
A06540,N
A02414,N
A01002,N
A02899,A
A01975,N
A02563,N
A06125,N
A06097,N
A07538,N
A00551,A
A08403,N
A08182,N
A06656,N
A03174,O
A01389,N
A01426,N
A00389,O
A08521,A
A06687,A
A05510,N
A00652,N
A01695,N
A02132,N
A01432,N
A02979,N
A01944,O
A01741,N
A00038,O
A07542,O
A00535,O
A05272,N
A05200,A
A01190,N
A04423,N
A02570,N
A03027,N
A03078,A
A04932,N
A00020,O
A00014,N
A03774,N
A07415,N
A00877,N
A07509,N
A03038,N
A06885,A
A05798,O
A07534,N
A05033,N
A05067,O
A04202,N
A07467,A
A01530,O
A07099,O
A03679,N
A03810,O
A06617,N
A04581,O
A03267,O
A05068,O
A05525,N
A06002,O
A01661,N
A03387,N
A08119,N
A05298,N
A00006,N
A06964,O
A07655,N
A04305,N
A01759,N
A05107,N
A05113,O
A02569,N
A03285,N
A01693,A
A05468,N
A04350,N
A01036,O
A01573,N
A01556,N
A05108,O
A04134,N
A07157,O
A00018,N
A00702,O
A05388,N
A07834,N
A05569,N
A03003,N
A01329,N
A07835,N
A05501,N
A01878,N
A06518,N
A05768,A
A03708,O
A03745,~
A01465,N
A08441,N
A01642,A
A05178,O
A02590,N
A00946,N
A00521,O
A07688,A
A07969,A
A00355,N
A03932,N
A00686,N
A05702,N
A03579,O
A03305,N
A05162,N
A03645,N
A01283,N
A00012,N
A00174,N
A04903,N
A01259,N
A02359,N
A04852,O
A03243,N
A01999,O
A07073,O
A06664,O
A08247,O
A08258,~
A00539,O
A02742,N
A01806,N
A01472,N
A05923,O
A08142,O
A01639,O
A05901,O
A04649,N
A01082,N
A02886,N
A00507,N
A02092,O
A06484,N
A07497,O
A05383,O
A06425,N
A04807,N
A00459,N
A01824,A
A00759,O
A05835,N
A04804,N
A02978,O
A04572,N
A00926,N
A06673,N
A02940,N
A03865,N
A02254,O
A01974,O
A02134,N
A07035,N
A04762,A
A04248,N
A01760,N
A08123,N
A03264,N
A04122,A
A03563,N
A01134,O
A06127,N
A04101,N
A07082,N
A07347,N
A02067,O
A03081,A
A02666,N
A05483,O
A05641,N
A03537,O
A08396,O
A07682,N
A04970,O
A05979,N
A06011,N
A06031,N
A03168,N
A08270,N
A03944,O
A03992,N
A05924,O
A00866,N
A05880,N
A08445,N
A01373,O
A04037,N
A04643,O
A04797,O
A05839,N
A03231,N
A01991,A
A06092,O
A06888,O
A05505,N
A05656,N
A08344,N
A04297,N
A07906,N
A03676,N
A00124,N
A07544,N
A01756,N
A01400,O
A02420,N
A00591,~
A07793,N
A05643,A
A02461,A
A08017,O
A01994,N
A07575,N
A07364,N
A08415,O
A07192,N
A06379,N
A02482,N
A05858,N
A00148,N
A01119,N
A05665,O
A01919,O
A01488,N
A08414,A
A01336,N
A07474,N
A01369,N
A06812,N
A06399,N
A06258,N
A00365,N
A01068,O
A04320,A
A01221,N
A02290,A
A04133,~
A06722,N
A03381,N
A05207,O
A01669,O
A01796,N
A06036,N
A03828,O
A03040,N
A02853,A
A03442,N
A05081,N
A08242,A
A06826,O
A03625,N
A04446,N
A00132,A
A08149,O
A05334,N
A03414,N
A04232,O
A03616,O
A02399,O
A04245,N
A02055,~
A00593,O
A06241,~
A03607,N
A06132,A
A06358,O
A06212,O
A07776,O
A01399,N
A03347,N
A01363,A
A06577,N
A07632,O
A04846,O
A06761,A
A01690,O
A02136,N
A01894,N
A07567,O
A01499,N
A08456,~
A04923,N
A04341,N
A04868,N
A00985,N
A03670,A
A06170,O
A04999,O
A02953,N
A00060,N
A01388,N
A05730,O
A01506,N
A02662,N
A05220,O
A08453,O
A01585,~
A01968,N
A03772,N
A05791,N
A02768,N
A06126,O
A01361,N
A04781,N
A04211,N
A02786,N
A05738,N
A07169,N
A03926,N
A03282,N
A01566,N
A05857,O
A01470,N
A03446,A
A04352,N
A04171,N
A06174,N
A06302,N
A04252,O
A07847,N
A01421,N
A04882,N
A00178,N
A01177,O
A03652,N
A03206,N
A02990,N
A00637,N
A07399,N
A02719,O
A01860,O
A06007,N
A03738,~
A00181,O
A05779,N
A02882,O
A04682,O
A06150,N
A05044,O
A00803,N
A03824,N
A03401,N
A03698,N
A01822,O
A03113,O
A00739,A
A03092,N
A07091,O
A04180,N
A05367,O
A05759,N
A08041,O
A05570,A
A00073,N
A04659,N
A01820,O
A07818,~
A08463,O
A04099,N
A07483,N
A01054,N
A02785,~
A02488,O
A07561,N
A02767,N
A05166,O
A06075,N
A06403,O
A00074,O
A05700,N
A03725,O
A03332,O
A01752,N
A02578,N
A05766,~
A06489,O
A04705,N
A06323,O
A06119,O
A08153,O
A04264,O
A06118,N
A03357,N
A01039,N
A06923,A
A00099,N
A02930,N
A04019,A
A05360,O
A07715,N
A05372,N
A05873,N
A07554,A
A07487,N
A02096,N
A00397,A
A02170,O
A00660,O
A07403,N
A08486,A
A00745,O
A04356,O
A08134,O
A01040,O
A07737,O
A04310,O
A03149,~
A08130,N
A06507,N
A06867,N
A02526,N
A05195,N
A06614,O
A00401,N
A01831,A
A06377,O
A08511,O
A07356,~
A04206,N
A00505,N
A02241,N
A07179,O
A04713,N
A03664,O
A01219,O
A00621,A
A00044,N
A08444,N
A05878,N
A06042,O
A02566,N
A08472,N
A02295,O
A07613,N
A03228,O
A00467,N
A07890,O
A07032,N
A00514,N
A05559,N
A03361,N
A06048,~
A00613,A
A01497,N
A03144,N
A04529,O
A01113,N
A02797,N
A01491,A
A01347,N
A05980,O
A04240,O
A00928,N
A01252,O
A04891,A
A04304,N
A04548,N
A05850,O
A07249,O
A02147,N
A07990,O
A04549,N
A07602,O
A05038,N
A03697,N
A05136,N
A08293,O
A01142,N
A06100,A
A06569,N
A08079,N
A06817,N
A05289,A
A05329,N
A03205,N
A07218,A
A00717,N
A05469,N
A03450,N
A03637,N
A07221,N
A07981,N
A03188,N
A01510,O
A06921,O
A05281,N
A04501,O
A07505,N
A04421,O
A04343,N
A02832,O
A02656,N
A07302,O
A05357,N
A05740,N
A04732,O
A04151,N
A02339,N
A03295,A
A02532,A
A05422,N
A02291,A
A06591,N
A07519,N
A01325,A
A00285,O
A02082,N
A08394,N
A08129,A
A01294,O
A01195,N
A07919,N
A02817,N
A04107,N
A00206,N
A03796,N
A07397,N
A06133,N
A01969,N
A00561,O
A02505,O
A02844,O
A04088,N
A00170,O
A08269,O
A06973,N
A01670,N
A03661,O
A05947,N
A04325,~
A02403,N
A04006,N
A06306,A
A00855,O
A05486,A
A06062,N
A01248,N
A04562,O
A02542,N
A02329,N
A02854,O
A05966,O
A01797,N
A04946,~
A08468,~
A05043,A
A00831,N
A03514,O
A00291,O
A03170,N
A04153,N
A06607,N
A02631,O
A01715,A
A00146,N
A01486,N
A02984,O
A03395,N
A03841,N
A02645,N
A02503,N
A01175,O
A01473,O
A01712,N
A02435,N
A07194,O
A04422,N
A02545,N
A06153,N
A03216,O
A04536,N
A02093,N
A06181,N
A01217,A
A01952,N
A07184,N
A03403,O
A03066,N
A03962,N
A06646,N
A02912,O
A02355,A
A03872,O
A05234,O
A03356,N
A02004,O
A07244,N
A02106,N
A03976,O
A00699,O
A01151,N
A01876,O
A06524,O
A04426,N
A06093,N
A06933,N
A00069,O
A08225,N
A04161,N
A02187,O
A03074,N
A03997,N
A07581,O
A01880,O
A00804,N
A04102,N
A02846,N
A02215,N
A01524,N
A07829,N
A01293,N
A05674,O
A03682,N
A00825,N
A06811,O
A01830,N
A00302,N
A00010,N
A00136,O
A05797,N
A02518,N
A03065,N
A03683,O
A00675,O
A02731,N
A02753,N
A02015,N
A00193,N
A02738,A
A00981,N
A05568,O
A04791,N
A07014,O
A06850,O
A00648,A
A08321,N
A04741,O
A01663,N
A08367,N
A05796,O
A02991,N
A02460,A
A01736,N
A01044,N
A07966,O
A00310,O
A06429,N
A04254,O
A01403,N
A07496,A
A02384,N
A01196,N
A01696,N
A05910,N
A07934,O
A02515,N
A07723,O
A08022,N
A01538,N
A02820,N
A05837,N
A02942,A
A05727,N
A07206,A
A00110,O
A07819,N
A04234,N
A02777,N
A03965,O
A00113,N
A04827,N
A02445,N
A02388,O
A04225,N
A01478,O
A00034,~
A08085,A
A08359,O
A05763,N
A00441,A
A08192,N
A00895,N
A04051,N
A08063,A
A03604,N
A06902,N
A05325,O
A08131,N
A07181,N
A02556,N
A05745,N
A02581,N
A04764,N
A01973,N
A07395,O
A08348,N
A08014,N
A02223,O
A06705,O
A00412,O
A00638,O
A04076,N
A01381,N
A04927,O
A02286,O
A07872,N
A00080,N
A01750,~
A01011,N
A01706,~
A07112,N
A03659,O
A06536,A
A06606,N
A06561,N
A04121,N
A00344,O
A08418,N
A06415,O
A00545,O
A04787,N
A07233,O
A03628,A
A07638,O
A03827,A
A04199,N
A03795,N
A04642,N
A07781,O
A00278,O
A05117,N
A00952,N
A06971,O
A08168,N
A06124,N
A05484,O
A07784,A
A02616,N
A04173,O
A05168,N
A08204,~
A00095,N
A00430,O
A01865,N
A03362,N
A01841,N
A01785,O
A03393,O
A06123,O
A03603,N
A02305,N
A02511,N
A01961,O
A07183,~
A05106,N
A07367,O
A07699,N
A04759,N
A00216,A
A06600,N
A06765,N
A02582,N
A01602,O
A01138,N
A01895,N
A02102,A
A02397,N
A07025,N
A03407,N
A03169,O
A07038,O
A03927,N
A08346,N
A07087,O
A07970,N
A07583,O
A02465,N
A01742,N
A00624,A
A07306,O
A07535,N
A01332,O
A07676,N
A03758,O
A06719,N
A02540,N
A05577,N
A07555,N
A05444,O
A07433,N
A01604,N
A07506,N
A04621,O
A06800,N
A02999,O
A00801,N
A05320,N
A03499,A
A04542,N
A03834,A
A01063,~
A07794,~
A01246,~
A04747,N
A02058,N
A06345,N
A07253,A
A02369,O
A06272,O
A04778,N
A02857,N
A03566,N
A02434,O
A07623,N
A04061,N
A07398,N
A03053,N
A00620,N
A00925,A
A01271,N
A00604,N
A04029,O
A02927,N
A06276,N
A01238,N
A02040,N
A03680,N
A03025,N
A02380,O
A04931,O
A00683,N
A05424,N
A06580,N
A07775,N
A04336,N
A02669,N
A08354,N
A01641,O
A08186,N
A01984,N
A02366,N
A06371,N
A02194,O
A03658,N
A03155,N
A06292,O
A01152,O
A03934,~
A04436,N
A00131,O
A03950,N
A07936,O
A03583,O
A00011,N
A06840,N
A00932,A
A04486,N
A04360,O
A06006,N
A06616,N
A02530,N
A04105,N
A04633,N
A00516,N
A08077,N
A04005,O
A05023,N
A06262,~
A03236,N
A07949,N
A04842,N
A01295,O
A02847,N
A07062,O
A07996,O
A03389,O
A01965,~
A05429,N
A01625,N
A00711,N
A05673,N
A05548,N
A07089,N
A08481,O
A03930,N
A01457,N
A04854,N
A04504,N
A06346,O
A08061,O
A02343,N
A00446,N
A05133,N
A08477,N
A03219,N
A01740,N
A07943,N
A08407,O
A06989,O
A03247,N
A07928,O
A06387,O
A02789,N
A01306,N
A04488,N
A03397,A
A07532,N
A03318,O
A05079,O
A01579,N
A07785,O
A02179,N
A07430,O
A00887,O
A04881,N
A06397,A
A02729,O
A08280,N
A00003,N
A03681,N
A05394,N
A08301,O
A07437,N
A03240,N
A03524,N
A01337,N
A00017,O
A02801,O
A08271,N
A03734,N
A07405,O
A03686,N
A04628,N
A03070,N
A00765,N
A04508,A
A03497,A
A04219,N
A05025,N
A03300,O
A07810,A
A05770,N
A01236,O
A04838,O
A03338,N
A03963,N
A01078,O
A05115,N
A05635,N
A05900,O
A03493,O
A06466,N
A08191,N
A07378,N
A07876,N
A07522,O
A04249,O
A05154,N
A06159,N
A07410,N
A03987,N
A02484,N
A00731,N
A00641,N
A00598,N
A03359,N
A07304,A
A01912,N
A06413,O
A05147,O
A03767,N
A03846,O
A07899,O
A04291,N
A03766,O
A03945,N
A04834,N
A06494,N
A00443,O
A00382,N
A06410,N
A01903,O
A04373,N
A06735,O
A07224,A
A00792,N
A04551,N
A04731,N
A04425,N
A06935,~
A04565,N
A03036,N
A07464,O
A03593,N
A01574,N
A00594,N
A06231,O
A00751,N
A02196,~
A04977,O
A07319,N
A05386,N
A07047,N
A04699,N
A06383,N
A06453,N
A05244,O
A01454,O
A00902,A
A03192,O
A06206,N
A01004,N
A01617,N
A01907,O
A05202,N
A03336,N
A00101,A
A07189,N
A04576,O
A06438,~
A06977,O
A02219,N
A03160,N
A03102,N
A00142,N
A00027,A
A03011,N
A05209,N
A03608,N
A00276,N
A08302,N
A02680,O
A07886,N
A08217,O
A06009,N
A04714,N
A00920,N
A04106,N
A01360,N
A05542,O
A04024,N
A06565,N
A05820,N
A02246,N
A05906,N
A07440,O
A00542,A
A07301,A
A03091,N
A08078,N
A07965,N
A03299,N
A00915,N
A05518,N
A03647,N
A01226,O
A01070,~
A05447,N
A01509,N
A07413,N
A01169,~
A03622,N
A03379,N
A02341,N
A07026,N
A06210,O
A02523,N
A06430,O
A02330,A
A01479,N
A03663,N
A06949,N
A08513,N
A05810,N
A05218,N
A01545,N
A04761,O
A05871,O
A06939,N
A06528,N
A04384,O
A00513,N
A02576,O
A05926,N
A00380,N
A03892,N
A01590,O
A05216,O
A08473,O
A02112,O
A06152,N
A03355,O
A00205,~
A02841,O
A06255,N
A07308,O
A02442,A
A02299,O
A00747,N
A06380,N
A00767,O
A04313,N
A04645,N
A02510,N
A08065,A
A07111,N
A00504,N
A05950,O
A01476,O
A00097,N
A01178,O
A07716,N
A04961,N
A04147,N
A07654,N
A06596,O
A07380,N
A04456,N
A00854,N
A07164,N
A01256,A
A03030,N
A07507,N
A00901,N
A05213,O
A02655,N
A04492,N
A00953,N
A04013,O
A06727,O
A07163,A
A02230,N
A05265,A
A02077,O
A01445,N
A01883,A
A06856,N
A06959,N
A06749,N
A04914,O
A04520,O
A05841,O
A04008,N
A00108,O
A04499,N
A03382,A
A05083,N
A08401,O
A02331,N
A04412,N
A00787,O
A02813,N
A00707,A
A07291,A
A00695,N
A01247,N
A05746,O
A06770,N
A00496,N
A02630,O
A01869,A
A04725,N
A00892,O
A02605,N
A00785,O
A00974,A
A06678,N
A02389,N
A03859,N
A01030,O
A03138,N
A04233,N
A06037,N
A07841,A
A06171,N
A01810,N
A03946,~
A03214,O
A05488,N
A01222,N
A06495,N
A04803,O
A05612,N
A03799,N
A02862,O
A05131,N
A00897,N
A05130,N
A01149,N
A02405,N
A07617,O
A01703,~
A00565,O
A04370,O
A03917,N
A06257,N
A04433,O
A04152,O
A07063,A
A07605,O
A00583,N
A06865,N
A06509,N
A03778,O
A05866,N
A06434,O
A02324,N
A03991,N
A02722,A
A04247,N
A07798,N
A06752,N
A01008,N
A01061,N
A01501,A
A04658,A
A07914,O
A00607,N
A07873,A
A03510,N
A08146,O
A05494,O
A07901,A
A05771,O
A05870,O
A04355,N
A03323,N
A06282,O
A01544,O
A07515,N
A07825,O
A07900,O
A03261,N
A05316,O
A04452,~
A02849,N
A00447,N
A04648,N
A06994,N
A00367,N
A04669,N
A02918,A
A06259,N
A05930,N
A02069,~
A05423,N
A02674,N
A05317,N
A05399,N
A00625,A
A05721,N
A02430,N
A06519,~
A05046,O
A02883,O
A07350,O
A02642,N
A06502,O
A07187,O
A07250,N
A05493,N
A04109,O
A06927,N
A00156,A
A03049,N
A00324,O
A02146,N
A08489,~
A05629,N
A02079,N
A00033,N
A07494,N
A07036,A
A01646,N
A08127,N
A07277,O
A06458,N
A04620,N
A04915,O
A06405,N
A08334,N
A00457,N
A08015,N
A08239,N
A05280,O
A03820,O
A01843,N
A00562,O
A05366,A
A05694,O
A02929,N
A07780,N
A05449,N
A08274,N
A08393,N
A01012,N
A01987,N
A02337,O
A05233,~
A05384,N
A01186,O
A04047,O
A06648,A
A05092,N
A07592,~
A07289,O
A02402,A
A00819,O
A05400,O
A05290,N
A07660,N
A08032,N
A04883,N
A08409,~
A00805,N
A06890,O
A05430,N
A03344,N
A03898,O
A00811,O
A02177,O
A04431,A
A07549,O
A00179,N
A05622,N
A01340,O
A03276,N
A00633,N
A02543,N
A01607,~
A06378,N
A00483,N
A08340,N
A04590,N
A03394,N
A00632,N
A04990,N
A03768,N
A01732,N
A02594,O
A00958,O
A01397,N
A04372,O
A02035,O
A05390,O
A04950,N
A05921,O
A02584,A
A02248,O
A02554,N
A04096,O
A06760,O
A01684,N
A02874,~
A07010,N
A07671,N
A00696,O
A00989,O
A07402,N
A00784,N
A04300,N
A00534,N
A01694,N
A01925,O
A00333,N
A01460,O
A01089,N
A05996,O
A05830,N
A02676,O
A05961,O
A08303,O
A08338,N
A04404,N
A03420,N
A06789,O
A07080,N
A03143,N
A05439,N
A01398,N
A04629,N
A06033,O
A08476,N
A04972,N
A02531,O
A00748,N
A01014,N
A05182,N
A02695,A
A02732,O
A07537,O
A00145,O
A03562,N
A07018,O
A02828,O
A06638,O
A06424,N
A00076,N
A07049,O
A00723,O
A06785,N
A03961,N
A01787,N
A03977,O
A04282,~
A05775,A
A01173,O
A05713,N
A04281,N
A02010,N
A04582,N
A00612,O
A07905,N
A03319,A
A07452,N
A04997,N
A07769,N
A08373,N
A02153,O
A06836,A
A00708,N
A07568,~
A07358,O
A07861,N
A04448,N
A08398,O
A06355,N
A00963,N
A02928,N
A00197,N
A02728,N
A02896,N
A06590,A
A03244,N
A05438,N
A01431,N
A02967,N
A03931,O
A04912,O
A07820,N
A03489,~
A06459,N
A07576,N
A01136,O
A01783,N
A06952,N
A00294,N
A07673,N
A05969,O
A03755,N
A03929,N
A07826,N
A02873,N
A08330,N
A04124,N
A01182,O
A06395,N
A03061,N
A06827,N
A03539,O
A03199,~
A06786,A
A01498,O
A00835,O
A00611,A
A02287,N
A02099,N
A00999,N
A07334,N
A03501,A
A05822,~
A03811,N
A06177,N
A06361,N
A03146,N
A07791,N
A02367,N
A04814,N
A05215,N
A06176,O
A03378,N
A00353,O
A03180,N
A02647,N
A08172,N
A08058,O
A00737,O
A04614,N
A04111,N
A00950,N
A00980,N
A03610,A
A05134,~
A02440,O
A04408,N
A04493,A
A00868,O
A00173,N
A00363,N
A07235,N
A02276,N
A00910,N
A04867,O
A01612,N
A02637,N
A08333,N
A04139,N
A07316,O
A07139,~
A05599,O
A05975,N
A05971,O
A02334,O
A01821,N
A00834,N
A02709,O
A05466,N
A01112,N
A02902,N
A07188,N
A07705,N
A00070,O
A06349,N
A02193,O
A07432,N
A00797,N
A04275,N
A05291,N
A01291,O
A02235,O
A03640,O
A05804,O
A05045,O
A05972,O
A04138,N
A08347,N
A03553,N
A06665,N
A03432,N
A00694,N
A00474,~
A02919,N
A03594,N
A03555,N
A04918,~
A01716,O
A04757,N
A05578,O
A07663,N
A04002,O
A00990,N
A07935,N
A03578,O
A07631,~
A03864,N
A02185,N
A07645,N
A07453,N
A00358,N
A07753,N
A03207,N
A05118,N
A07619,N
A01285,N
A04608,N
A01927,N
A04298,N
A03943,N
A06184,N
A04519,O
A02224,A
A03873,N
A02207,N
A08167,O
A03001,O
A04864,N
A04314,N
A00749,N
A08120,N
A08157,N
A01667,O
A04060,N
A08420,N
A03249,N
A03570,N
A02675,O
A00515,N
A06080,N
A06316,N
A00315,N
A06280,O
A05988,N
A03156,O
A04163,N
A07541,N
A01048,~
A05851,N
A04785,N
A00442,N
A00884,N
A03242,N
A03330,O
A03473,N
A04057,O
A00615,N
A04137,~
A01569,N
A07999,N
A06657,N
A02900,O
A01021,N
A06209,N
A03331,N
A02072,A
A03733,N
A02989,N
A00444,O
A05617,N
A07553,N
A08111,N
A08437,O
A06207,N
A01443,A
A07814,O
A00220,O
A05405,N
A06412,N
A00488,N
A06553,N
A01618,A
A03902,N
A06777,N
A06728,O
A06830,~
A06562,O
A04926,N
A04413,N
A01281,O
A04220,A
A00869,A
A02852,O
A03334,N
A05706,N
A05028,N
A02362,N
A07097,N
A04719,O
A07401,N
A00277,N
A06508,N
A00253,A
A04736,O
A07855,N
A00715,N
A08091,N
A05715,O
A05905,N
A02139,N
A02790,N
A02784,A
A07457,N
A06476,N
A01963,N
A07329,O
A00654,N
A02064,N
A02165,A
A07565,O
A05201,O
A06696,N
A01313,A
A08019,O
A06016,N
A03296,N
A04770,N
A07243,A
A05013,O
A01250,O
A05647,N
A07093,A
A04611,N
A06972,N
A08524,N
A00501,N
A03881,N
A04980,O
A02415,N
A01007,N
A03490,O
A04908,N
A01102,N
A00473,A
A01517,O
A00587,A
A03164,N
A00300,O
A05421,N
A06842,N
A07064,O
A00068,N
A06653,N
A04089,N
A07205,A
A00553,N
A02046,N
A01111,N
A04112,N
A00226,N
A04672,N
A03224,N
A02952,N
A06304,O
A00046,N
A06571,O
A05015,O
A06613,O
A07846,N
A06318,O
A04687,N
A01384,N
A04709,N
A04540,N
A06076,N
A06514,O
A00680,A
A05230,A
A08177,N
A02122,N
A04909,O
A00182,N
A06049,N
A05437,O
A05792,N
A01673,N
A04887,N
A05002,N
A00567,A
A00684,O
A05535,N
A04080,N
A04435,O
A05678,N
A07180,~
A00679,O
A00134,N
A01159,N
A01390,N
A05600,O
A02344,N
A07909,N
A04154,N
A07729,N
A05156,N
A02260,N
A00848,O
A00886,O
A08517,N
A03482,N
A02451,A
A07128,N
A02875,N
A01651,O
A02013,N
A07268,N
A08121,N
A01887,N
A07813,N
A07201,N
A00273,N
A00419,N
A03126,A
A01436,O
A00022,~
A01672,O
A06915,N
A07585,N
A07345,N
A02534,N
A01406,N
A06716,N
A03747,N
A00126,O
A08117,N
A02208,N
A02727,A
A04898,N
A01265,N
A03857,A
A06573,~
A02681,N
A07238,N
A07485,O
A07832,N
A07160,N
A01085,N
A00341,N
A01527,O
A08277,N
A01838,N
A02321,N
A02326,A
A02888,O
A02634,O
A08349,N
A06628,N
A07288,N
A03590,N
A06872,N
A00105,N
A00280,N
A06375,N
A01254,N
A04279,O
A02481,N
A03648,N
A01020,N
A08439,O
A02601,O
A06027,N
A06471,N
A00864,N
A04140,N
A03158,N
A00393,N
A07701,O
A00159,O
A05387,N
A07134,N
A08205,N
A08342,N
A04667,O
A03329,O
A04387,O
A05637,O
A01714,N
A06929,N
A08525,O
A08364,N
A05129,O
A04664,N
A03307,N
A04091,N
A07217,O
A05255,N
A08433,O
A01905,N
A03229,O
A04877,O
A03364,N
A02760,N
A06347,O
A06071,O
A02020,N
A01805,~
A00881,N
A08464,~
A04592,O
A07739,N
A00713,N
A07125,N
A03409,N
A02697,O
A05105,N
A01649,O
A03896,N
A01188,O
A00436,N
A05719,N
A08273,O
A01557,N
A00781,A
A03480,N
A04463,O
A06707,N
A06140,O
A08156,A
A04679,O
A07550,O
A00536,O
A03744,N
A06017,N
A00379,O
A07713,O
A05176,O
A03284,N
A00934,N
A06956,N
A06041,N
A00602,N
A06610,A
A07572,O
A01555,N
A08187,N
A01910,N
A07168,A
A02491,N
A04365,O
A04993,N
A06917,A
A01441,N
A07372,N
A00574,N
A07466,N
A02363,O
A05522,O
A06137,N
A07725,N
A05120,N
A07210,N
A00107,A
A02654,O
A04885,N
A01657,N
A01413,O
A07551,N
A01006,~
A06179,N
A07480,N
A04760,N
A01904,N
A02222,O
A02812,N
A06256,N
A02739,N
A06773,O
A00939,A
A02333,O
A02197,A
A03435,N
A04069,A
A05268,A
A00995,N
A08071,O
A07123,N
A03371,O
A00575,N
A05196,N
A04703,N
A06095,O
A03472,N
A04200,O
A06934,N
A01132,N
A00618,N
A05784,N
A03201,N
A05016,O
A04945,N
A06467,N
A00453,O
A00858,N
A05853,N
A00364,N
A06116,O
A02736,N
A00570,O
A04718,N
A07856,N
A03532,O
A00690,~
A00123,O
A00232,N
A00035,N
A02501,A
A04078,O
A05954,O
A04559,N
A05056,~
A08315,N
A02301,O
A01047,N
A05111,N
A04113,O
A06639,O
A03954,A
A02650,O
A03402,N
A07081,N
A02378,N
A06270,N
A00744,O
A05341,~
A07837,N
A02240,N
A06871,N
A07946,N
A03064,O
A03633,O
A04081,O
A07320,~
A00626,O
A03275,O
A07001,~
A03151,N
A04674,O
A01885,N
A04840,O
A06401,O
A03786,N
A07974,N
A04482,N
A04003,O
A04127,N
A02615,O
A07783,N
A00071,A
A01940,N
A02364,~
A04570,N
A07677,N
A02483,A
A05204,N
A07379,N
A04656,N
A08382,N
A04721,N
A06940,N
A06792,N
A04780,O
A04039,O
A05491,N
A03771,O
A06506,N
A07434,N
A04509,O
A00558,N
A01635,O
A08294,A
A02541,O
A02408,O
A07363,O
A02381,N
A00608,O
A07807,N
A07337,N
A07237,O
A05398,O
A05348,N
A02555,N
A07016,N
A03724,O
A02097,N
A02255,O
A07120,N
A02171,O
A02671,N
A07449,N
A04238,O
A04603,N
A05077,N
A00268,O
A01643,O
A00160,N
A05985,N
A02209,N
A01210,A
A06247,O
A05502,O
A02368,N
A07530,N
A01645,N
A03760,A
A07804,N
A04307,N
A04793,N
A02961,~
A06146,A
A04015,N
A02533,N
A02589,N
A02830,O
A02437,O
A07265,O
A03689,N
A06714,N
A00520,A
A06470,N
A03853,N
A00399,O
A02475,A
A08124,~
A05515,A
A01401,N
A08335,N
A02836,N
A01393,N
A04663,O
A07986,O
A02126,A
A06161,N
A03968,N
A08184,N
A02745,N
A06156,O
A05565,N
A00722,A
A06167,N
A04773,N
A04351,N
A03938,O
A02141,N
A03939,A
A01804,N
A07800,N
A06720,N
A06342,N
A00601,N
A03609,O
A04987,N
A01367,N
A07931,N
A08284,N
A02529,O
A05817,A
A07812,N
A03437,A
A03847,O
A08466,A
A05907,O
A02621,N
A08189,N
A01341,N
A02462,O
A06879,N
A02872,A
A03311,O
A00775,N
A07597,O
A02249,N
A01786,A
A05922,O
A05050,O
A06620,O
A07154,~
A07446,O
A07312,N
A03988,N
A04615,N
A02573,N
A06936,N
A03132,N
A00554,O
A07625,~
A07009,N
A06400,A
A04646,N
A04172,N
A06014,N
A07491,N
A05539,O
A00941,N
A06149,N
A06035,N
A00194,N
A05824,N
A05588,N
A01019,A
A06213,A
A01956,N
A00721,N
A00023,O
A06426,N
A04229,N
A02962,N
A04471,O
A02870,O
A08387,N
A01953,N
A06147,N
A06225,N
A00304,N
A00257,N
A04895,A
A05427,N
A02210,N
A04706,N
A07279,N
A08023,A
A08093,O
A05448,O
A04782,N
A00109,N
A01262,N
A04688,N
A04900,N
A03456,N
A06420,N
A06061,N
A03254,O
A05163,A
A00264,A
A06450,N
A05920,N
A02432,O
A01923,N
A00477,O
A07094,N
A01101,N
A07495,N
A07749,N
A00568,N
A06891,N
A06558,O
A00746,O
A01950,N
A00754,O
A06670,N
A05593,O
A05819,O
A03172,N
A04743,N
A00914,O
A05054,O
A03024,N
A03639,N
A04875,O
A01962,O
A06472,O
A04473,~
A02089,N
A02884,N
A06804,A
A08171,~
A02471,O
A04525,N
A05061,N
A07048,N
A05283,N
A04290,O
A01395,A
A05069,N
A01379,N
A08092,N
A08199,N
A03601,O
A01931,N
A06911,A
A08285,O
A04526,N
A00385,O
A02643,A
A02800,N
A08203,O
A01032,N
A07523,N
A05948,N
A02651,N
A01689,N
A07408,O
A06733,N
A03554,N
A07817,N
A02123,N
A07997,N
A05753,N
A04388,N
A00640,O
A06672,N
A04619,N
A05809,N
A00319,N
A07234,N
A01380,N
A01289,N
A03139,N
A04835,O
A05192,N
A02492,N
A02512,N
A01567,~
A02458,N
A05446,N
A06203,O
A00222,N
A01391,N
A02949,N
A04896,N
A02868,O
A03345,N
A05545,N
A03714,O
A07251,O
A01598,O
A02822,N
A00252,O
A01911,N
A07843,N
A02775,O
A08288,N
A07489,~
A04407,O
A04889,O
A08389,O
A03518,N
A04632,N
A03829,~
A05983,O
A06795,O
A05467,N
A03825,N
A08235,N
A07976,O
A03852,A
A01795,O
A07962,N
A05777,N
A05849,N
A02034,N
A02660,N
A01753,A
A06691,N
A02314,O
A07983,~
A06136,N
A02833,~
A02944,N
A00710,N
A07175,N
A05509,O
A03978,N
A05100,~
A03894,N
A07578,N
A07877,N
A07569,N
A03901,N
A01964,N
A08332,O
A03673,N
A03618,N
A07866,N
A00434,O
A07902,O
A07463,N
A02489,N
A07101,A
A03804,N
A07362,N
A05894,N
A05576,N
A06685,O
A00362,O
A06745,N
A06603,N
A03582,O
A02138,N
A05258,O
A07232,N
A01272,N
A05903,N
A06834,O
A04203,N
A08197,N
A00967,N
A01505,O
A04657,N
A06835,N
A06053,N
A00082,O
A05686,O
A07742,O
A07078,N
A02756,N
A06630,O
A07207,N
A01615,N
A00468,O
A05846,O
A06743,A
A00750,N
A08479,O
A01636,O
A07282,N
A04299,A
A01757,O
A07643,O
A07726,O
A03818,N
A04531,O
A04226,N
A00249,N
A05333,N
A07333,N
A01680,N
A08492,O
A06486,N
A03598,O
A01879,N
A07264,N
A02564,N
A05670,A
A00830,N
A00239,N
A04994,N
A04496,O
A05865,N
A06254,N
A07328,O
A00316,N
A02528,N
A07104,N
A01270,~
A03147,N
A03620,O
A06362,N
A03875,N
A03428,N
A03860,N
A05151,N
A04652,O
A08406,N
A07802,O
A06332,O
A04584,O
A07894,O
A00840,O
A01309,A
A03921,N
A08110,N
A07149,N
A00407,N
A04020,~
A05300,O
A04752,N
A06277,N
A01896,N
A03964,N
A03709,N
A08066,N
A07777,O
A07514,N
A03483,N
A06992,O
A05160,O
A01122,N
A00094,N
A01348,N
A08356,N
A02670,N
A00526,N
A01864,N
A00370,~
A00088,O
A04465,N
A01290,A
A04973,O
A03274,N
A00662,A
A02933,~
A07630,N
A07213,O
A06234,N
A07471,~
A02597,N
A05411,N
A07556,O
A00839,N
A00224,N
A07344,N
A00628,N
A01571,O
A06531,A
A07257,N
A07747,A
A03148,O
A01833,~
A03985,N
A00943,N
A06239,O
A06474,N
A05676,N
A00849,O
A08013,A
A03749,N
A02889,O
A00636,N
A05382,N
A03763,O
A00523,O
A06178,N
A06235,N
A07342,N
A08201,N
A07967,N
A06407,N
A07300,N
A07898,A
A07166,O
A02148,N
A01890,O
A07524,O
A06624,N
A04046,N
A06228,N
A00371,N
A06905,A
A08027,O
A03942,N
A01362,N
A02632,O
A01519,A
A00997,O
A07454,N
A04661,O
A02311,O
A02008,N
A02279,A
A00309,N
A06109,N
A02508,N
A00522,O
A07501,A
A04819,~
A08145,N
A05229,N
A01482,N
A03223,A
A02856,A
A01801,O
A00770,O
A02459,N
A01789,N
A05607,N
A06447,N
A07951,N
A07850,O
A07247,O
A06886,N
A06481,A
A02724,O
A06829,N
A06510,O
A01982,N
A04588,O
A08504,O
A01352,O
A00978,N
A00198,O
A05445,N
A02382,N
A00331,N
A02885,O
A05941,N
A03045,N
A06747,O
A04104,O
A06344,O
A08375,O
A00700,~
A06229,N
A02328,N
A04662,N
A08051,N
A08118,O
A06064,O
A04110,O
A04625,N
A05024,N
A02744,N
A08500,A
A01997,O
A04983,N
A03544,N
A03969,O
A07423,A
A04684,N
A02002,O
A03721,O
A01913,O
A06409,N
A08386,O
A01704,N
A04749,N
A03638,N
A01065,O
A01686,N
A00258,N
A00991,O
A01206,N
A07119,O
A00263,N
A02353,A
A01237,O
A08370,N
A07298,N
A06559,O
A01025,O
A08164,O
A01539,N
A06300,O
A06477,O
A07059,N
A02257,O
A05285,O
A06065,N
A00852,N
A05114,N
A05651,N
A01723,O
A02463,O
A03360,N
A03317,N
A03861,O
A00314,N
A02417,N
A03014,N
A04991,N
A05352,O
A07156,O
A00141,A
A07624,N
A06832,N
A04144,N
A01083,N
A05898,N
A07056,N
A01575,N
A00267,A
A03587,N
A00639,N
A07839,N
A08331,O
A07526,O
A08169,N
A03391,A
A07584,N
A04593,N
A07859,~
A04775,N
A00909,N
A07975,N
A08399,O
A05391,N
A00120,O
A04115,N
A00177,N
A05610,N
A03221,A
A07132,O
A00876,N
A01561,O
A01242,N
A00343,O
A06918,~
A03669,O
A04742,O
A06098,N
A01976,N
A07823,N
A07263,O
A06414,N
A00087,A
A02683,O
A05292,N
A04227,O
A00733,A
A06393,N
A00994,N
A06874,~
A04601,N
A04910,N
A07714,A
A06402,N
A07875,N
A03033,N
A00540,N
A01951,A
A03650,N
A06461,N
A04998,O
A01926,N
A01536,O
A04553,N
A02644,A
A06350,N
A01678,N
A01901,N
A00489,N
A04191,N
A07724,~
A03918,N
A05664,N
A07925,N
A04023,N
A00976,N
A04250,O
A02441,O
A06188,O
A05321,N
A01587,O
A00472,N
A08150,N
A00048,N
A03193,N
A08221,O
A06623,A
A04940,N
A00796,N
A06385,N
A00283,N
A04967,N
A05302,O
A01267,A
A05479,N
A03592,A
A06796,N
A07211,N
A07318,N
A01202,N
A00055,O
A05037,O
A06779,A
A08480,N
A00656,O
A00896,N
A03105,N
A00763,N
A06618,N
A05276,O
A03152,A
A04155,N
A07790,O
A01751,N
A07271,O
A06261,O
A03069,N
A01948,N
A04216,~
A02283,N
A01266,N
A03084,N
A04470,O
A04468,N
A02155,N
A06145,N
A06597,N
A07648,A
A01568,N
A00079,N
A06787,N
A00460,N
A00847,N
A01767,N
A07126,N
A07752,O
A02497,N
A07161,A
A05418,N
A06320,N
A01560,N
A06052,N
A07831,O
A05070,O
A03431,N
A07808,O
A05725,N
A04262,N
A08056,O
A01719,N
A05199,N
A07971,O
A06608,O
A06117,N
A04358,N
A01088,O
A03870,O
A03606,A
A00829,N
A05690,N
A02342,O
A01220,O
A06991,A
A04053,N
A05293,A
A07272,N
A08455,N
A00719,O
A07046,O
A08125,N
A02303,O
A06464,N
A07142,N
A00555,N
A04922,N
A02439,A
A00788,O
A06843,N
A07482,N
A03530,N
A07050,N
A02678,N
A01300,O
A01620,O
A05945,N
A08052,N
A00171,N
A07443,N
A06896,N
A01345,O
A01023,N
A02923,N
A08279,A
A05123,O
A00955,N
A07317,N
A01650,N
A01323,N
A07229,O
A03924,O
A06406,A
A05262,N
A04059,N
A00552,N
A02238,N
A07165,N
A08390,N
A05487,N
A02228,O
A05707,O
A03998,N
A02855,N
A00462,N
A00486,A
A06054,O
A08435,N
A03960,A
A01057,O
A02237,N
A01315,N
A07869,~
A04511,N
A03071,O
A02137,N
A05716,N
A05189,~
A03706,N
A08086,O
A01201,O
A06855,N
A03705,O
A04939,O
A07743,N
A04114,N
A05875,N
A07564,O
A08526,N
A04799,N
A02838,N
A02493,A
A00235,N
A03471,N
A06141,O
A05481,O
A03470,N
A00031,N
A07419,O
A08151,N
A01275,~
A07484,O
A05660,N
A04276,N
A06751,N
A03301,N
A04487,N
A05657,N
A04455,N
A04600,O
A06652,N
A04515,N
A04579,N
A08067,A
A04432,N
A01156,O
A04084,N
A08136,N
A03787,N
A01768,N
A03235,N
A03933,N
A04503,~
A05064,O
A06230,N
A01128,N
A08326,N
A08447,N
A01447,N
A00040,N
A08243,N
A01936,N
A00630,N
A08376,N
A07500,O
A02159,A
A01739,N
A02316,O
A03465,N
A01827,N
A03550,N
A08231,N
A06575,N
A02692,N
A07681,N
A00559,O
A07770,N
A01049,O
A04930,N
A08275,N
A04591,A
A07945,N
A01589,A
A00122,N
A05090,O
A03667,O
A06551,A
A01017,N
A02271,N
A06663,A
A04218,A
A00623,O
A02907,N
A08254,N
A02618,N
A07324,A
A06769,~
A07664,A
A02174,N
A02205,O
A07479,N
A04514,O
A08357,N
A01209,O
A03306,A
A05587,A
A02982,N
A00475,N
A05304,N
A05297,O
A00931,O
A00450,N
A06574,N
A04491,O
A06697,N
A02737,N
A06953,O
A06637,A
A05406,N
A06158,O
A03479,N
A02131,N
A08499,O
A07456,O
A05335,N
A07197,N
A07370,N
A07371,A
A07261,O
A07940,O
A05187,N
A01610,N
A01383,A
A04190,N
A05228,A
A06301,O
A00807,O
A04472,N
A07332,N
A02218,A
A04223,N
A00599,N
A03701,O
A05959,N
A07741,N
A07185,O
A04198,O
A03831,O
A06932,A
A01442,N
A01784,A
A08075,N
A01359,A
A00219,N
A00183,N
A04235,N
A03971,N
A02446,O
A07842,N
A01305,N
A05165,N
A07409,O
A06805,N
A06185,N
A03887,N
A02037,N
A02895,A
A00724,O
A04555,~
A06113,N
A07543,N
A05718,N
A03626,N
A06967,O
A06428,O
A06736,A
A03165,N
A03484,N
A01981,A
A00050,N
A08484,O
A05063,~
A00585,~
A06365,N
A03614,O
A04566,O
A00061,O
A00152,N
A04369,O
A00857,N
A03788,N
A06202,O
A07198,~
A01533,N
A00236,N
A05245,N
A05513,N
A02338,N
A03142,O
A03079,O
A01253,~
A03805,O
A02071,N
A01985,N
A04467,N
A06088,N
A01394,O
A07502,N
A06273,O
A04557,O
A02310,N
A05823,O
A00084,N
A03844,A
A08161,N
A07953,N
A00238,N
A04640,N
A03783,N
A04727,N
A04820,O
A04809,O
A07614,N
A00463,N
A07778,N
A03665,O
A06243,N
A05157,N
A02192,O
A06498,N
A06619,N
A02327,N
A02094,N
A03879,O
A02335,N
A03515,N
A07952,O
A08170,N
A07259,N
A02172,N
A07113,N
A06240,O
A04874,O
A04513,~
A03967,N
A08046,~
A05110,N
A03376,N
A06659,N
A07944,N
A07450,N
A04712,A
A05296,N
A00743,N
A05571,~
A05917,O
A00497,O
A06513,O
A03982,N
A06755,A
A01218,O
A03351,N
A06645,N
A05909,A
A07547,O
A01412,O
A07728,~
A03516,O
A01194,N
A01448,N
A06712,N
A04751,N
A02423,O
A04521,O
A01187,O
A04204,N
A07448,N
A03375,N
A00579,N
A01914,N
A01682,O
A06825,N
A03051,N
A06488,N
A05026,O
A06396,O
A00531,N
A03005,O
A01858,N
A02851,N
A05299,N
A00629,~
A02169,N
A05774,O
A00547,N
A04196,O
A06970,A
A04876,N
A05463,N
A08000,N
A02466,N
A00255,O
A00573,N
A02909,N
A02750,~
A05035,N
A05736,N
A00394,O
A05614,O
A08106,N
A04768,N
A00808,N
A00115,O
A05580,N
A00917,O
A01540,O
A03713,N
A07039,N
A02998,N
A06523,N
A01230,A
A03546,O
A01372,N
A01232,N
A07435,A
A01461,O
A07921,O
A00786,O
A07115,N
A07488,N
A03022,N
A02041,N
A05872,N
A05596,N
A03791,N
A01086,N
A02915,O
A00377,N
A04724,N
A07283,O
A01317,O
A02418,O
A06295,N
A07912,N
A04340,N
A01511,A
A07757,N
A02502,A
A01504,N
A07533,O
A05052,N
A07656,A
A07665,N
A00670,A
A07070,~
A05353,N
A00256,N
A02811,N
A01310,O
A07815,O
A06633,O
A07852,N
A04968,N
A07591,N
A02735,N
A05241,O
A03220,O
A06762,O
A05450,N
A00395,A
A02154,N
A00372,N
A05558,O
A07281,A
A07740,O
A05183,N
A05879,N
A04126,N
A07789,O
A04041,N
A03103,O
A05882,O
A06649,A
A07884,N
A00894,O
A04287,N
A05579,N
A06142,N
A07733,O
A04045,N
A04128,A
A05937,N
A03281,N
A02620,N
A06942,N
A00396,O
A07498,A
A03817,O
A00231,A
A04964,N
A03854,N
A00518,N
A07239,N
